# ************************************************************
# Sequel Pro SQL dump
# Version 4096
#
# http://www.sequelpro.com/
# http://code.google.com/p/sequel-pro/
#
# Host: 127.0.0.1 (MySQL 5.5.41-0ubuntu0.12.04.1)
# Database: booking_server
# Generation Time: 2015-04-22 15:41:38 +0000
# ************************************************************


/*!40101 SET @OLD_CHARACTER_SET_CLIENT=@@CHARACTER_SET_CLIENT */;
/*!40101 SET @OLD_CHARACTER_SET_RESULTS=@@CHARACTER_SET_RESULTS */;
/*!40101 SET @OLD_COLLATION_CONNECTION=@@COLLATION_CONNECTION */;
/*!40101 SET NAMES utf8 */;
/*!40014 SET @OLD_FOREIGN_KEY_CHECKS=@@FOREIGN_KEY_CHECKS, FOREIGN_KEY_CHECKS=0 */;
/*!40101 SET @OLD_SQL_MODE=@@SQL_MODE, SQL_MODE='NO_AUTO_VALUE_ON_ZERO' */;
/*!40111 SET @OLD_SQL_NOTES=@@SQL_NOTES, SQL_NOTES=0 */;


# Dump of table addresses
# ------------------------------------------------------------

DROP TABLE IF EXISTS `addresses`;

CREATE TABLE `addresses` (
  `id` int(10) unsigned NOT NULL AUTO_INCREMENT,
  `city_id` int(11) unsigned NOT NULL,
  `district` varchar(255) COLLATE utf8_unicode_ci DEFAULT '',
  `address` varchar(500) COLLATE utf8_unicode_ci NOT NULL DEFAULT '',
  `postal_code` varchar(255) COLLATE utf8_unicode_ci DEFAULT '',
  `created_at` timestamp NOT NULL DEFAULT '2015-02-26 02:23:00',
  `updated_at` timestamp NOT NULL DEFAULT '2015-02-26 02:23:00',
  PRIMARY KEY (`id`),
  KEY `fk_address_city_id` (`city_id`),
  CONSTRAINT `fk_address_city_id` FOREIGN KEY (`city_id`) REFERENCES `cities` (`id`) ON DELETE NO ACTION ON UPDATE NO ACTION
) ENGINE=InnoDB DEFAULT CHARSET=utf8 COLLATE=utf8_unicode_ci;

LOCK TABLES `addresses` WRITE;
/*!40000 ALTER TABLE `addresses` DISABLE KEYS */;

INSERT INTO `addresses` (`id`, `city_id`, `district`, `address`, `postal_code`, `created_at`, `updated_at`)
VALUES
	(1,76,'Central - Near Orchard','488 Changi Road, (S)419898','419898','2015-02-26 02:23:00','2015-03-24 06:45:07'),
	(2,86,'Far North','Kampong Glam Shop Houses  786 North Bridge Road','198754','2015-02-26 02:23:00','2015-03-22 08:44:18'),
	(5,74,'Central East','1013 Geylang East Avenue 3 #01-136','458303','2015-02-26 02:23:00','2015-02-26 02:23:00'),
	(6,87,'North','49 Jalan Pemimpin APS INDUSTRIAL BUILDING','198000','2015-02-26 02:23:00','2015-02-26 02:23:00'),
	(7,70,'Central - Orchard','1 Lok Yang Way Jurong #19B','546824','2015-02-26 02:23:00','2015-02-26 02:23:00'),
	(8,66,'South West','10 Pioneer Sector 1 #01-00','26995','2015-02-26 02:23:00','2015-02-26 02:23:00'),
	(9,77,'Upper East Coast','Block 5022 Ang Mo Kio Industrial Park 2 #01-31','366127','2015-02-26 02:23:00','2015-02-26 02:23:00'),
	(10,82,'Central West','70 Woodlands Industrial Park E','17855','2015-02-26 02:23:00','2015-02-26 02:23:00'),
	(11,84,'North West','86 International Road','276266','2015-02-26 02:23:00','2015-02-26 02:23:00'),
	(12,78,'Far East','Block 192 Pandan Loop #01-26 PANTECH INDUSTRIAL COMPLEX','599633','2015-02-26 02:23:00','2015-02-26 02:23:00'),
	(13,69,'Central','31 Penjuru Lane','745902','2015-02-26 02:23:00','2015-02-26 02:23:00'),
	(14,78,'Far East','8 Woodlands Loop','364517','2015-02-26 02:23:00','2015-02-26 02:23:00'),
	(15,69,'Central','11 Joo Koon Circle','388758','2015-02-26 02:23:00','2015-02-26 02:23:00'),
	(16,71,'Central - Near Orchard','1002 Eunos Avenue 8 #01-42','544057','2015-02-26 02:23:00','2015-02-26 02:23:00'),
	(17,68,'City','126 Gul Circle','244565','2015-02-26 02:23:00','2015-02-26 02:23:00'),
	(18,86,'Far North','642 Rowell Road #02-115','250571','2015-02-26 02:23:00','2015-02-26 02:23:00'),
	(19,62,'City Business District Marina','545 Orchard Road #11-13 Far East Shopping Centre','237401','2015-02-26 02:23:00','2015-02-26 02:23:00'),
	(20,85,'Far North West','90 Horne Road','404184','2015-02-26 02:23:00','2015-02-26 02:23:00'),
	(21,67,'City - Business District','25 Tuas Avenue 2','108146','2015-02-26 02:23:00','2015-02-26 02:23:00'),
	(22,81,'Central North','206 Tagore Lane','252656','2015-02-26 02:23:00','2015-02-26 02:23:00'),
	(23,76,'East Coast','50 Hillview Terrace','245511','2015-02-26 02:23:00','2015-02-26 02:23:00'),
	(24,86,'Far North','30 Loyang Way, Loyang Industrial Estate #03-04','355519','2015-02-26 02:23:00','2015-02-26 02:23:00'),
	(25,74,'Central East','35 Pioneer Sector 2','577786','2015-02-26 02:23:00','2015-02-26 02:23:00'),
	(26,70,'Central - Orchard','No. 6 Sixth Lok Yang Road Jurong Industrial Estate','809995','2015-02-26 02:23:00','2015-02-26 02:23:00'),
	(27,78,'Far East','9 Tuas Avenue 18','612556','2015-02-26 02:23:00','2015-02-26 02:23:00'),
	(28,74,'Central East','104 Jurong East Street 13 #01-102','347360','2015-02-26 02:23:00','2015-02-26 02:23:00'),
	(29,64,'Central South','39 Defu Lane 7','18905','2015-02-26 02:23:00','2015-02-26 02:23:00'),
	(30,67,'City - Business District','11 Tanjong Rhu Road #18-01 The Waterside','75238','2015-02-26 02:23:00','2015-02-26 02:23:00'),
	(31,69,'Central','No. 29 Woodlands Industrial Park E1 #04-17 Northtech','424191','2015-02-26 02:23:00','2015-02-26 02:23:00'),
	(32,63,'City Business District CDB ','491B River Valley Road #04-01 Valley Point Office Tower','614920','2015-02-26 02:23:00','2015-02-26 02:23:00'),
	(33,62,'City Business District Marina','55 Hume Avenue #06-09','744484','2015-02-26 02:23:00','2015-02-26 02:23:00'),
	(34,69,'Central','Blk 2021 Bukit Batok Street 23 #01-226','637430','2015-02-26 02:23:00','2015-02-26 02:23:00'),
	(35,64,'Central South','Block 3005 Ubi Avenue 3 #01-64','523292','2015-02-26 02:23:00','2015-02-26 02:23:00'),
	(36,64,'Central South','3018 Bedok Nth St 5 #01-32 Singapore 486132','494111','2015-02-26 02:23:00','2015-02-26 02:23:00'),
	(37,77,'Upper East Coast','Paya Lebar Rd Singapore 1440','74282','2015-02-26 02:23:00','2015-02-26 02:23:00'),
	(38,66,'South West','6 Joo Koon Crescent','368235','2015-02-26 02:23:00','2015-02-26 02:23:00'),
	(39,67,'City - Business District','32 Tuas View Loop','178100','2015-02-26 02:23:00','2015-02-26 02:23:00'),
	(40,65,'South','3016 Bedok Nth Ave 4 #01-03','89439','2015-02-26 02:23:00','2015-02-26 02:23:00'),
	(41,69,'Central','15 Pioneer Sector 2','41367','2015-02-26 02:23:00','2015-02-26 02:23:00'),
	(42,78,'Far East','51 Tuas Ave 1 Singapore 639501 ','333865','2015-02-26 02:23:00','2015-02-26 02:23:00'),
	(43,80,'North East','623 Aljunied Road #07-03 ALJUNIED INDUSTRIAL COMPLEX','694356','2015-02-26 02:23:00','2015-02-26 02:23:00'),
	(44,78,'Far East','21 Lor Ampas #09-00 Singapore 328782','291710','2015-02-26 02:23:00','2015-02-26 02:23:00'),
	(45,86,'Far North','66 Tannery Lane #01-04D Sindo Building','430421','2015-02-26 02:23:00','2015-02-26 02:23:00'),
	(46,80,'North East','26 Benoi Sector Jurong','719298','2015-02-26 02:23:00','2015-02-26 02:23:00'),
	(47,83,'Far West','322D King Georges Avenue','353254','2015-02-26 02:23:00','2015-02-26 02:23:00'),
	(48,82,'Central West','8 Tanjong Penjuru JURONG INDUSTRIAL ESTATE','420652','2015-02-26 02:23:00','2015-02-26 02:23:00'),
	(49,64,'Central South','44 Pioneer Sector 2','468456','2015-02-26 02:23:00','2015-02-26 02:23:00'),
	(50,65,'South','8 Tanjong Penjuru','19034','2015-02-26 02:23:00','2015-02-26 02:23:00'),
	(51,83,'Far West','11 Kian Teck Road','243502','2015-02-26 02:23:00','2015-02-26 02:23:00'),
	(52,63,'City Business District CDB ','261 Waterloo Street #02-26','551474','2015-02-26 02:23:00','2015-02-26 02:23:00'),
	(53,70,'Central - Orchard','Blk 9-H Yuan Ching Road #15-82','788571','2015-02-26 02:23:00','2015-02-26 02:23:00'),
	(54,69,'Central','20 Shaw Road #06-05 CHING SHINE INDUSTRIAL BUILDING','663502','2015-02-26 02:23:00','2015-02-26 02:23:00'),
	(55,77,'Upper East Coast','1 Scotts Road #16-12','765579','2015-02-26 02:23:00','2015-02-26 02:23:00'),
	(56,86,'Far North','23A Jalan Grisek','25640','2015-02-26 02:23:00','2015-02-26 02:23:00'),
	(57,85,'Far North West','8A Tuas Ave 13 Singapore 638981','592790','2015-02-26 02:23:00','2015-02-26 02:23:00'),
	(58,80,'North East','Block 3016 Bedok North Avenue 4 #01-03 EASTECH','484615','2015-02-26 02:23:00','2015-02-26 02:23:00'),
	(59,64,'Central South','48 Tuas Basin Link Singapore 638778 ','294532','2015-02-26 02:23:00','2015-02-26 02:23:00'),
	(60,66,'South West','1 Bt Batok St 22 #03-28 Singapore 659592','206633','2015-02-26 02:23:00','2015-02-26 02:23:00'),
	(61,65,'South','50 Kian Teck Road','279167','2015-02-26 02:23:00','2015-02-26 02:23:00'),
	(62,70,'Central - Orchard','63 Hillview Ave #03-09 Lam Soon Ind Bldg Singapore 669569 ','14587','2015-02-26 02:23:00','2015-02-26 02:23:00'),
	(63,69,'Central','Block 35 Tannery Road #11-10 Tannery Block, Ruby Industrial Complex','216366','2015-02-26 02:23:00','2015-02-26 02:23:00'),
	(64,65,'South','5 Tuas Avenue 3 Bok Seng Building','66899','2015-02-26 02:23:00','2015-02-26 02:23:00'),
	(65,62,'','1 Maritime Square, Unit 03-15','','2015-03-24 06:53:05','2015-03-24 06:53:05');

/*!40000 ALTER TABLE `addresses` ENABLE KEYS */;
UNLOCK TABLES;


# Dump of table assigned_roles
# ------------------------------------------------------------

DROP TABLE IF EXISTS `assigned_roles`;

CREATE TABLE `assigned_roles` (
  `id` int(10) unsigned NOT NULL AUTO_INCREMENT,
  `user_id` int(10) unsigned NOT NULL,
  `role_id` int(10) unsigned NOT NULL,
  PRIMARY KEY (`id`),
  KEY `assigned_roles_user_id_index` (`user_id`),
  KEY `assigned_roles_role_id_index` (`role_id`),
  CONSTRAINT `assigned_roles_role_id_foreign` FOREIGN KEY (`role_id`) REFERENCES `roles` (`id`) ON DELETE CASCADE,
  CONSTRAINT `assigned_roles_user_id_foreign` FOREIGN KEY (`user_id`) REFERENCES `users` (`id`) ON DELETE CASCADE
) ENGINE=InnoDB DEFAULT CHARSET=utf8 COLLATE=utf8_unicode_ci;

LOCK TABLES `assigned_roles` WRITE;
/*!40000 ALTER TABLE `assigned_roles` DISABLE KEYS */;

INSERT INTO `assigned_roles` (`id`, `user_id`, `role_id`)
VALUES
	(1,1,1),
	(2,2,2),
	(3,3,3);

/*!40000 ALTER TABLE `assigned_roles` ENABLE KEYS */;
UNLOCK TABLES;


# Dump of table business_categories
# ------------------------------------------------------------

DROP TABLE IF EXISTS `business_categories`;

CREATE TABLE `business_categories` (
  `id` int(10) unsigned NOT NULL AUTO_INCREMENT,
  `name` varchar(255) COLLATE utf8_unicode_ci NOT NULL DEFAULT '',
  `created_at` timestamp NOT NULL DEFAULT '2015-02-26 02:23:00',
  `updated_at` timestamp NOT NULL DEFAULT '2015-02-26 02:23:00',
  PRIMARY KEY (`id`)
) ENGINE=InnoDB DEFAULT CHARSET=utf8 COLLATE=utf8_unicode_ci;

LOCK TABLES `business_categories` WRITE;
/*!40000 ALTER TABLE `business_categories` DISABLE KEYS */;

INSERT INTO `business_categories` (`id`, `name`, `created_at`, `updated_at`)
VALUES
	(1,'Spa and Massage','2015-02-26 02:23:00','2015-02-26 02:23:00'),
	(2,'Body Massage','2015-02-26 02:23:00','2015-02-26 02:23:00'),
	(3,'Wellness Spa','2015-02-26 02:23:00','2015-02-26 02:23:00');

/*!40000 ALTER TABLE `business_categories` ENABLE KEYS */;
UNLOCK TABLES;


# Dump of table cancellations
# ------------------------------------------------------------

DROP TABLE IF EXISTS `cancellations`;

CREATE TABLE `cancellations` (
  `id` int(10) unsigned NOT NULL AUTO_INCREMENT,
  `tran_id` int(10) unsigned NOT NULL,
  `who_id` int(10) unsigned NOT NULL,
  `reason` varchar(255) COLLATE utf8_unicode_ci DEFAULT '',
  `who` varchar(255) COLLATE utf8_unicode_ci DEFAULT '',
  `created_at` timestamp NOT NULL DEFAULT '2015-02-26 02:23:00',
  `updated_at` timestamp NOT NULL DEFAULT '2015-02-26 02:23:00',
  PRIMARY KEY (`id`),
  KEY `fk_cancel_tran_id` (`tran_id`),
  KEY `fk_cancel_who_id` (`who_id`),
  CONSTRAINT `fk_cancel_tran_id` FOREIGN KEY (`tran_id`) REFERENCES `deal_transactions` (`id`) ON DELETE NO ACTION ON UPDATE NO ACTION,
  CONSTRAINT `fk_cancel_who_id` FOREIGN KEY (`who_id`) REFERENCES `users` (`id`) ON DELETE NO ACTION ON UPDATE NO ACTION
) ENGINE=InnoDB DEFAULT CHARSET=utf8 COLLATE=utf8_unicode_ci;



# Dump of table cities
# ------------------------------------------------------------

DROP TABLE IF EXISTS `cities`;

CREATE TABLE `cities` (
  `id` int(11) unsigned NOT NULL AUTO_INCREMENT,
  `country_id` int(11) unsigned NOT NULL,
  `city` varchar(255) COLLATE utf8_unicode_ci NOT NULL,
  `created_at` timestamp NOT NULL DEFAULT '2015-02-26 02:23:00',
  `updated_at` timestamp NOT NULL DEFAULT '2015-02-26 02:23:00',
  PRIMARY KEY (`id`),
  KEY `fk_city_country_id_idx` (`country_id`),
  CONSTRAINT `fk_city_country_id` FOREIGN KEY (`country_id`) REFERENCES `countries` (`id`) ON DELETE NO ACTION ON UPDATE NO ACTION
) ENGINE=InnoDB DEFAULT CHARSET=utf8 COLLATE=utf8_unicode_ci;

LOCK TABLES `cities` WRITE;
/*!40000 ALTER TABLE `cities` DISABLE KEYS */;

INSERT INTO `cities` (`id`, `country_id`, `city`, `created_at`, `updated_at`)
VALUES
	(1,253,'Can Tho','2015-02-26 02:23:00','2015-02-26 02:23:00'),
	(2,253,'Da Nang','2015-02-26 02:23:00','2015-02-26 02:23:00'),
	(3,253,'Hai Phong','2015-02-26 02:23:00','2015-02-26 02:23:00'),
	(4,253,'Ha Noi','2015-02-26 02:23:00','2015-02-26 02:23:00'),
	(5,253,'Ho Chi Minh City','2015-02-26 02:23:00','2015-02-26 02:23:00'),
	(6,253,'Ba Ria Vung Tau','2015-02-26 02:23:00','2015-02-26 02:23:00'),
	(7,253,'Bac Lieu','2015-02-26 02:23:00','2015-02-26 02:23:00'),
	(8,253,'Bac Giang','2015-02-26 02:23:00','2015-02-26 02:23:00'),
	(9,253,'Bac Ninh','2015-02-26 02:23:00','2015-02-26 02:23:00'),
	(10,253,'Bao Loc','2015-02-26 02:23:00','2015-02-26 02:23:00'),
	(11,253,'Bien Hoa','2015-02-26 02:23:00','2015-02-26 02:23:00'),
	(12,253,'Ben Tre','2015-02-26 02:23:00','2015-02-26 02:23:00'),
	(13,253,'Buon Ma Thuot','2015-02-26 02:23:00','2015-02-26 02:23:00'),
	(14,253,'Ca Mau','2015-02-26 02:23:00','2015-02-26 02:23:00'),
	(15,253,'Cam Pha','2015-02-26 02:23:00','2015-02-26 02:23:00'),
	(16,253,'Cao Lanh','2015-02-26 02:23:00','2015-02-26 02:23:00'),
	(17,253,'Da Lat','2015-02-26 02:23:00','2015-02-26 02:23:00'),
	(18,253,'Dien Bien Phu','2015-02-26 02:23:00','2015-02-26 02:23:00'),
	(19,253,'Dong Ha','2015-02-26 02:23:00','2015-02-26 02:23:00'),
	(20,253,'Dong Hoi','2015-02-26 02:23:00','2015-02-26 02:23:00'),
	(21,253,'Ha Tinh','2015-02-26 02:23:00','2015-02-26 02:23:00'),
	(22,253,'Ha Long','2015-02-26 02:23:00','2015-02-26 02:23:00'),
	(23,253,'Hai Duong','2015-02-26 02:23:00','2015-02-26 02:23:00'),
	(24,253,'Hoa Binh','2015-02-26 02:23:00','2015-02-26 02:23:00'),
	(25,253,'Hoi An','2015-02-26 02:23:00','2015-02-26 02:23:00'),
	(26,253,'Hue','2015-02-26 02:23:00','2015-02-26 02:23:00'),
	(27,253,'Hung Yen','2015-02-26 02:23:00','2015-02-26 02:23:00'),
	(28,253,'Kon Tum','2015-02-26 02:23:00','2015-02-26 02:23:00'),
	(29,253,'Lang Son','2015-02-26 02:23:00','2015-02-26 02:23:00'),
	(30,253,'Lao Cai','2015-02-26 02:23:00','2015-02-26 02:23:00'),
	(31,253,'Long Xuyen','2015-02-26 02:23:00','2015-02-26 02:23:00'),
	(32,253,'Mong Cai','2015-02-26 02:23:00','2015-02-26 02:23:00'),
	(33,253,'My Tho','2015-02-26 02:23:00','2015-02-26 02:23:00'),
	(34,253,'Nam Dinh','2015-02-26 02:23:00','2015-02-26 02:23:00'),
	(35,253,'Ninh Binh','2015-02-26 02:23:00','2015-02-26 02:23:00'),
	(36,253,'Nha Trang','2015-02-26 02:23:00','2015-02-26 02:23:00'),
	(37,253,'Cam Ranh','2015-02-26 02:23:00','2015-02-26 02:23:00'),
	(38,253,'Phan Rang-Thap Cham','2015-02-26 02:23:00','2015-02-26 02:23:00'),
	(39,253,'Phan Thiet','2015-02-26 02:23:00','2015-02-26 02:23:00'),
	(40,253,'Phu Ly','2015-02-26 02:23:00','2015-02-26 02:23:00'),
	(41,253,'Pleiku','2015-02-26 02:23:00','2015-02-26 02:23:00'),
	(42,253,'Quang Ngai','2015-02-26 02:23:00','2015-02-26 02:23:00'),
	(43,253,'Quy Nhon','2015-02-26 02:23:00','2015-02-26 02:23:00'),
	(44,253,'Rach Gia','2015-02-26 02:23:00','2015-02-26 02:23:00'),
	(45,253,'Soc Trang','2015-02-26 02:23:00','2015-02-26 02:23:00'),
	(46,253,'Son La','2015-02-26 02:23:00','2015-02-26 02:23:00'),
	(47,253,'Tam Ky','2015-02-26 02:23:00','2015-02-26 02:23:00'),
	(48,253,'Tan An','2015-02-26 02:23:00','2015-02-26 02:23:00'),
	(49,253,'Thai Binh ddd','2015-02-26 02:23:00','2015-02-26 02:23:00'),
	(50,253,'Thai Nguyen','2015-02-26 02:23:00','2015-02-26 02:23:00'),
	(51,253,'Thanh Hoa','2015-02-26 02:23:00','2015-02-26 02:23:00'),
	(52,253,'Tra Vinh','2015-02-26 02:23:00','2015-02-26 02:23:00'),
	(53,253,'Tuy Hoa','2015-02-26 02:23:00','2015-02-26 02:23:00'),
	(54,253,'Tuyen Quang','2015-02-26 02:23:00','2015-02-26 02:23:00'),
	(55,253,'Uong Bi','2015-02-26 02:23:00','2015-02-26 02:23:00'),
	(56,253,'Viet Tri','2015-02-26 02:23:00','2015-02-26 02:23:00'),
	(57,253,'Vinh','2015-02-26 02:23:00','2015-02-26 02:23:00'),
	(58,253,'Vinh Yen','2015-02-26 02:23:00','2015-02-26 02:23:00'),
	(59,253,'Vinh Long','2015-02-26 02:23:00','2015-02-26 02:23:00'),
	(60,253,'Vung Tau','2015-02-26 02:23:00','2015-02-26 02:23:00'),
	(61,253,'Yen Bai','2015-02-26 02:23:00','2015-02-26 02:23:00'),
	(62,207,'City Business District Marina','2015-02-26 02:23:00','2015-02-26 02:23:00'),
	(63,207,'City Business District CDB ','2015-02-26 02:23:00','2015-02-26 02:23:00'),
	(64,207,'Central South','2015-02-26 02:23:00','2015-02-26 02:23:00'),
	(65,207,'South','2015-02-26 02:23:00','2015-02-26 02:23:00'),
	(66,207,'South West','2015-02-26 02:23:00','2015-02-26 02:23:00'),
	(67,207,'City - Business District','2015-02-26 02:23:00','2015-02-26 02:23:00'),
	(68,207,'City','2015-02-26 02:23:00','2015-02-26 02:23:00'),
	(69,207,'Central','2015-02-26 02:23:00','2015-02-26 02:23:00'),
	(70,207,'Central - Orchard','2015-02-26 02:23:00','2015-02-26 02:23:00'),
	(71,207,'Central - Near Orchard','2015-02-26 02:23:00','2015-02-26 02:23:00'),
	(72,207,'Central - Near Orchard','2015-02-26 02:23:00','2015-02-26 02:23:00'),
	(73,207,'Central','2015-02-26 02:23:00','2015-02-26 02:23:00'),
	(74,207,'Central East','2015-02-26 02:23:00','2015-02-26 02:23:00'),
	(75,207,'Central East','2015-02-26 02:23:00','2015-02-26 02:23:00'),
	(76,207,'East Coast','2015-02-26 02:23:00','2015-02-26 02:23:00'),
	(77,207,'Upper East Coast','2015-02-26 02:23:00','2015-02-26 02:23:00'),
	(78,207,'Far East','2015-02-26 02:23:00','2015-02-26 02:23:00'),
	(79,207,'Far East','2015-02-26 02:23:00','2015-02-26 02:23:00'),
	(80,207,'North East','2015-02-26 02:23:00','2015-02-26 02:23:00'),
	(81,207,'Central North','2015-02-26 02:23:00','2015-02-26 02:23:00'),
	(82,207,'Central West','2015-02-26 02:23:00','2015-02-26 02:23:00'),
	(83,207,'Far West','2015-02-26 02:23:00','2015-02-26 02:23:00'),
	(84,207,'North West','2015-02-26 02:23:00','2015-02-26 02:23:00'),
	(85,207,'Far North West','2015-02-26 02:23:00','2015-02-26 02:23:00'),
	(86,207,'Far North','2015-02-26 02:23:00','2015-02-26 02:23:00'),
	(87,207,'North','2015-02-26 02:23:00','2015-02-26 02:23:00'),
	(88,207,'Far North','2015-02-26 02:23:00','2015-02-26 02:23:00'),
	(89,207,'North East','2015-02-26 02:23:00','2015-02-26 02:23:00');

/*!40000 ALTER TABLE `cities` ENABLE KEYS */;
UNLOCK TABLES;


# Dump of table company
# ------------------------------------------------------------

DROP TABLE IF EXISTS `company`;

CREATE TABLE `company` (
  `id` int(11) unsigned NOT NULL AUTO_INCREMENT,
  `name` varchar(255) NOT NULL DEFAULT '',
  `address` varchar(500) NOT NULL DEFAULT '',
  `phone` varchar(15) NOT NULL DEFAULT '',
  `fax` varchar(15) DEFAULT NULL,
  `fb_link` varchar(100) DEFAULT NULL,
  `twitter_link` varchar(100) DEFAULT NULL,
  `gplus_link` varchar(100) DEFAULT NULL,
  `contact_email` varchar(50) DEFAULT NULL,
  PRIMARY KEY (`id`)
) ENGINE=InnoDB DEFAULT CHARSET=latin1;

LOCK TABLES `company` WRITE;
/*!40000 ALTER TABLE `company` DISABLE KEYS */;

INSERT INTO `company` (`id`, `name`, `address`, `phone`, `fax`, `fb_link`, `twitter_link`, `gplus_link`, `contact_email`)
VALUES
	(1,'SMBook','50 NANYANG AVENUE SINGAPORE 639798','888888','888888','facebook.com','https://twitter.com/?lang=en','google.com','hi@smbook.com');

/*!40000 ALTER TABLE `company` ENABLE KEYS */;
UNLOCK TABLES;


# Dump of table countries
# ------------------------------------------------------------

DROP TABLE IF EXISTS `countries`;

CREATE TABLE `countries` (
  `id` int(11) unsigned NOT NULL AUTO_INCREMENT,
  `country` varchar(255) COLLATE utf8_unicode_ci NOT NULL,
  `created_at` timestamp NOT NULL DEFAULT '2015-02-26 02:23:00',
  `updated_at` timestamp NOT NULL DEFAULT '2015-02-26 02:23:00',
  PRIMARY KEY (`id`)
) ENGINE=InnoDB DEFAULT CHARSET=utf8 COLLATE=utf8_unicode_ci;

LOCK TABLES `countries` WRITE;
/*!40000 ALTER TABLE `countries` DISABLE KEYS */;

INSERT INTO `countries` (`id`, `country`, `created_at`, `updated_at`)
VALUES
	(1,'Afghanistan','2015-02-26 02:23:00','2015-02-26 02:23:00'),
	(2,'Albania','2015-02-26 02:23:00','2015-02-26 02:23:00'),
	(3,'Algeria','2015-02-26 02:23:00','2015-02-26 02:23:00'),
	(4,'American Samoa','2015-02-26 02:23:00','2015-02-26 02:23:00'),
	(5,'Andorra','2015-02-26 02:23:00','2015-02-26 02:23:00'),
	(6,'Angola','2015-02-26 02:23:00','2015-02-26 02:23:00'),
	(7,'Anguilla','2015-02-26 02:23:00','2015-02-26 02:23:00'),
	(8,'Antarctica','2015-02-26 02:23:00','2015-02-26 02:23:00'),
	(9,'Antigua and Barbuda','2015-02-26 02:23:00','2015-02-26 02:23:00'),
	(10,'Argentina','2015-02-26 02:23:00','2015-02-26 02:23:00'),
	(11,'Armenia','2015-02-26 02:23:00','2015-02-26 02:23:00'),
	(12,'Aruba','2015-02-26 02:23:00','2015-02-26 02:23:00'),
	(13,'Australia','2015-02-26 02:23:00','2015-02-26 02:23:00'),
	(14,'Austria','2015-02-26 02:23:00','2015-02-26 02:23:00'),
	(15,'Azerbaijan','2015-02-26 02:23:00','2015-02-26 02:23:00'),
	(16,'Bahamas','2015-02-26 02:23:00','2015-02-26 02:23:00'),
	(17,'Bahrain','2015-02-26 02:23:00','2015-02-26 02:23:00'),
	(18,'Bangladesh','2015-02-26 02:23:00','2015-02-26 02:23:00'),
	(19,'Barbados','2015-02-26 02:23:00','2015-02-26 02:23:00'),
	(20,'Belarus','2015-02-26 02:23:00','2015-02-26 02:23:00'),
	(21,'Belgium','2015-02-26 02:23:00','2015-02-26 02:23:00'),
	(22,'Belize','2015-02-26 02:23:00','2015-02-26 02:23:00'),
	(23,'Benin','2015-02-26 02:23:00','2015-02-26 02:23:00'),
	(24,'Bermuda','2015-02-26 02:23:00','2015-02-26 02:23:00'),
	(25,'Bhutan','2015-02-26 02:23:00','2015-02-26 02:23:00'),
	(26,'Bolivia','2015-02-26 02:23:00','2015-02-26 02:23:00'),
	(27,'Bosnia and Herzegovina','2015-02-26 02:23:00','2015-02-26 02:23:00'),
	(28,'Botswana','2015-02-26 02:23:00','2015-02-26 02:23:00'),
	(29,'Bouvet Island','2015-02-26 02:23:00','2015-02-26 02:23:00'),
	(30,'Brazil','2015-02-26 02:23:00','2015-02-26 02:23:00'),
	(31,'British Antarctic Territory','2015-02-26 02:23:00','2015-02-26 02:23:00'),
	(32,'British Indian Ocean Territory','2015-02-26 02:23:00','2015-02-26 02:23:00'),
	(33,'British Virgin Islands','2015-02-26 02:23:00','2015-02-26 02:23:00'),
	(34,'Brunei','2015-02-26 02:23:00','2015-02-26 02:23:00'),
	(35,'Bulgaria','2015-02-26 02:23:00','2015-02-26 02:23:00'),
	(36,'Burkina Faso','2015-02-26 02:23:00','2015-02-26 02:23:00'),
	(37,'Burundi','2015-02-26 02:23:00','2015-02-26 02:23:00'),
	(38,'Cambodia','2015-02-26 02:23:00','2015-02-26 02:23:00'),
	(39,'Cameroon','2015-02-26 02:23:00','2015-02-26 02:23:00'),
	(40,'Canada','2015-02-26 02:23:00','2015-02-26 02:23:00'),
	(41,'Canton and Enderbury Islands','2015-02-26 02:23:00','2015-02-26 02:23:00'),
	(42,'Cape Verde','2015-02-26 02:23:00','2015-02-26 02:23:00'),
	(43,'Cayman Islands','2015-02-26 02:23:00','2015-02-26 02:23:00'),
	(44,'Central African Republic','2015-02-26 02:23:00','2015-02-26 02:23:00'),
	(45,'Chad','2015-02-26 02:23:00','2015-02-26 02:23:00'),
	(46,'Chile','2015-02-26 02:23:00','2015-02-26 02:23:00'),
	(47,'China','2015-02-26 02:23:00','2015-02-26 02:23:00'),
	(48,'Christmas Island','2015-02-26 02:23:00','2015-02-26 02:23:00'),
	(49,'Cocos [Keeling] Islands','2015-02-26 02:23:00','2015-02-26 02:23:00'),
	(50,'Colombia','2015-02-26 02:23:00','2015-02-26 02:23:00'),
	(51,'Comoros','2015-02-26 02:23:00','2015-02-26 02:23:00'),
	(52,'Congo - Brazzaville','2015-02-26 02:23:00','2015-02-26 02:23:00'),
	(53,'Congo - Kinshasa','2015-02-26 02:23:00','2015-02-26 02:23:00'),
	(54,'Cook Islands','2015-02-26 02:23:00','2015-02-26 02:23:00'),
	(55,'Costa Rica','2015-02-26 02:23:00','2015-02-26 02:23:00'),
	(56,'Croatia','2015-02-26 02:23:00','2015-02-26 02:23:00'),
	(57,'Cuba','2015-02-26 02:23:00','2015-02-26 02:23:00'),
	(58,'Cyprus','2015-02-26 02:23:00','2015-02-26 02:23:00'),
	(59,'Czech Republic','2015-02-26 02:23:00','2015-02-26 02:23:00'),
	(60,'Czetch Ivoire','2015-02-26 02:23:00','2015-02-26 02:23:00'),
	(61,'Denmark','2015-02-26 02:23:00','2015-02-26 02:23:00'),
	(62,'Djibouti','2015-02-26 02:23:00','2015-02-26 02:23:00'),
	(63,'Dominica','2015-02-26 02:23:00','2015-02-26 02:23:00'),
	(64,'Dominican Republic','2015-02-26 02:23:00','2015-02-26 02:23:00'),
	(65,'Dronning Maud Land','2015-02-26 02:23:00','2015-02-26 02:23:00'),
	(66,'Ecuador','2015-02-26 02:23:00','2015-02-26 02:23:00'),
	(67,'Egypt','2015-02-26 02:23:00','2015-02-26 02:23:00'),
	(68,'El Salvador','2015-02-26 02:23:00','2015-02-26 02:23:00'),
	(69,'Equatorial Guinea','2015-02-26 02:23:00','2015-02-26 02:23:00'),
	(70,'Eritrea','2015-02-26 02:23:00','2015-02-26 02:23:00'),
	(71,'Estonia','2015-02-26 02:23:00','2015-02-26 02:23:00'),
	(72,'Ethiopia','2015-02-26 02:23:00','2015-02-26 02:23:00'),
	(73,'Falkland Islands','2015-02-26 02:23:00','2015-02-26 02:23:00'),
	(74,'Faroe Islands','2015-02-26 02:23:00','2015-02-26 02:23:00'),
	(75,'Fiji','2015-02-26 02:23:00','2015-02-26 02:23:00'),
	(76,'Finland','2015-02-26 02:23:00','2015-02-26 02:23:00'),
	(77,'France','2015-02-26 02:23:00','2015-02-26 02:23:00'),
	(78,'French Guiana','2015-02-26 02:23:00','2015-02-26 02:23:00'),
	(79,'French Polynesia','2015-02-26 02:23:00','2015-02-26 02:23:00'),
	(80,'French Southern Territories','2015-02-26 02:23:00','2015-02-26 02:23:00'),
	(81,'French Southern and Antarctic Territories','2015-02-26 02:23:00','2015-02-26 02:23:00'),
	(82,'Gabon','2015-02-26 02:23:00','2015-02-26 02:23:00'),
	(83,'Gambia','2015-02-26 02:23:00','2015-02-26 02:23:00'),
	(84,'Georgia','2015-02-26 02:23:00','2015-02-26 02:23:00'),
	(85,'Germany','2015-02-26 02:23:00','2015-02-26 02:23:00'),
	(86,'Ghana','2015-02-26 02:23:00','2015-02-26 02:23:00'),
	(87,'Gibraltar','2015-02-26 02:23:00','2015-02-26 02:23:00'),
	(88,'Greece','2015-02-26 02:23:00','2015-02-26 02:23:00'),
	(89,'Greenland','2015-02-26 02:23:00','2015-02-26 02:23:00'),
	(90,'Grenada','2015-02-26 02:23:00','2015-02-26 02:23:00'),
	(91,'Guadeloupe','2015-02-26 02:23:00','2015-02-26 02:23:00'),
	(92,'Guam','2015-02-26 02:23:00','2015-02-26 02:23:00'),
	(93,'Guatemala','2015-02-26 02:23:00','2015-02-26 02:23:00'),
	(94,'Guernsey','2015-02-26 02:23:00','2015-02-26 02:23:00'),
	(95,'Guinea','2015-02-26 02:23:00','2015-02-26 02:23:00'),
	(96,'Guinea-Bissau','2015-02-26 02:23:00','2015-02-26 02:23:00'),
	(97,'Guyana','2015-02-26 02:23:00','2015-02-26 02:23:00'),
	(98,'Haiti','2015-02-26 02:23:00','2015-02-26 02:23:00'),
	(99,'Heard Island and McDonald Islands','2015-02-26 02:23:00','2015-02-26 02:23:00'),
	(100,'Honduras','2015-02-26 02:23:00','2015-02-26 02:23:00'),
	(101,'Hong Kong SAR China','2015-02-26 02:23:00','2015-02-26 02:23:00'),
	(102,'Hungary','2015-02-26 02:23:00','2015-02-26 02:23:00'),
	(103,'Iceland','2015-02-26 02:23:00','2015-02-26 02:23:00'),
	(104,'India','2015-02-26 02:23:00','2015-02-26 02:23:00'),
	(105,'Indonesia','2015-02-26 02:23:00','2015-02-26 02:23:00'),
	(106,'Iran','2015-02-26 02:23:00','2015-02-26 02:23:00'),
	(107,'Iraq','2015-02-26 02:23:00','2015-02-26 02:23:00'),
	(108,'Ireland','2015-02-26 02:23:00','2015-02-26 02:23:00'),
	(109,'Isle of Man','2015-02-26 02:23:00','2015-02-26 02:23:00'),
	(110,'Israel','2015-02-26 02:23:00','2015-02-26 02:23:00'),
	(111,'Italy','2015-02-26 02:23:00','2015-02-26 02:23:00'),
	(112,'Jamaica','2015-02-26 02:23:00','2015-02-26 02:23:00'),
	(113,'Japan','2015-02-26 02:23:00','2015-02-26 02:23:00'),
	(114,'Jersey','2015-02-26 02:23:00','2015-02-26 02:23:00'),
	(115,'Johnston Island','2015-02-26 02:23:00','2015-02-26 02:23:00'),
	(116,'Jordan','2015-02-26 02:23:00','2015-02-26 02:23:00'),
	(117,'Kazakhstan','2015-02-26 02:23:00','2015-02-26 02:23:00'),
	(118,'Kenya','2015-02-26 02:23:00','2015-02-26 02:23:00'),
	(119,'Kiribati','2015-02-26 02:23:00','2015-02-26 02:23:00'),
	(120,'Kuwait','2015-02-26 02:23:00','2015-02-26 02:23:00'),
	(121,'Kyrgyzstan','2015-02-26 02:23:00','2015-02-26 02:23:00'),
	(122,'Laos','2015-02-26 02:23:00','2015-02-26 02:23:00'),
	(123,'Latvia','2015-02-26 02:23:00','2015-02-26 02:23:00'),
	(124,'Lebanon','2015-02-26 02:23:00','2015-02-26 02:23:00'),
	(125,'Lesotho','2015-02-26 02:23:00','2015-02-26 02:23:00'),
	(126,'Liberia','2015-02-26 02:23:00','2015-02-26 02:23:00'),
	(127,'Libya','2015-02-26 02:23:00','2015-02-26 02:23:00'),
	(128,'Liechtenstein','2015-02-26 02:23:00','2015-02-26 02:23:00'),
	(129,'Lithuania','2015-02-26 02:23:00','2015-02-26 02:23:00'),
	(130,'Luxembourg','2015-02-26 02:23:00','2015-02-26 02:23:00'),
	(131,'Macau SAR China','2015-02-26 02:23:00','2015-02-26 02:23:00'),
	(132,'Macedonia','2015-02-26 02:23:00','2015-02-26 02:23:00'),
	(133,'Madagascar','2015-02-26 02:23:00','2015-02-26 02:23:00'),
	(134,'Malawi','2015-02-26 02:23:00','2015-02-26 02:23:00'),
	(135,'Malaysia','2015-02-26 02:23:00','2015-02-26 02:23:00'),
	(136,'Maldives','2015-02-26 02:23:00','2015-02-26 02:23:00'),
	(137,'Mali','2015-02-26 02:23:00','2015-02-26 02:23:00'),
	(138,'Malta','2015-02-26 02:23:00','2015-02-26 02:23:00'),
	(139,'Marshall Islands','2015-02-26 02:23:00','2015-02-26 02:23:00'),
	(140,'Martinique','2015-02-26 02:23:00','2015-02-26 02:23:00'),
	(141,'Mauritania','2015-02-26 02:23:00','2015-02-26 02:23:00'),
	(142,'Mauritius','2015-02-26 02:23:00','2015-02-26 02:23:00'),
	(143,'Mayotte','2015-02-26 02:23:00','2015-02-26 02:23:00'),
	(144,'Metropolitan France','2015-02-26 02:23:00','2015-02-26 02:23:00'),
	(145,'Mexico','2015-02-26 02:23:00','2015-02-26 02:23:00'),
	(146,'Micronesia','2015-02-26 02:23:00','2015-02-26 02:23:00'),
	(147,'Midway Islands','2015-02-26 02:23:00','2015-02-26 02:23:00'),
	(148,'Moldova','2015-02-26 02:23:00','2015-02-26 02:23:00'),
	(149,'Monaco','2015-02-26 02:23:00','2015-02-26 02:23:00'),
	(150,'Mongolia','2015-02-26 02:23:00','2015-02-26 02:23:00'),
	(151,'Montenegro','2015-02-26 02:23:00','2015-02-26 02:23:00'),
	(152,'Montserrat','2015-02-26 02:23:00','2015-02-26 02:23:00'),
	(153,'Morocco','2015-02-26 02:23:00','2015-02-26 02:23:00'),
	(154,'Mozambique','2015-02-26 02:23:00','2015-02-26 02:23:00'),
	(155,'Myanmar [Burma]','2015-02-26 02:23:00','2015-02-26 02:23:00'),
	(156,'Namibia','2015-02-26 02:23:00','2015-02-26 02:23:00'),
	(157,'Nauru','2015-02-26 02:23:00','2015-02-26 02:23:00'),
	(158,'Nepal','2015-02-26 02:23:00','2015-02-26 02:23:00'),
	(159,'Netherlands','2015-02-26 02:23:00','2015-02-26 02:23:00'),
	(160,'Netherlands Antilles','2015-02-26 02:23:00','2015-02-26 02:23:00'),
	(161,'Neutral Zone','2015-02-26 02:23:00','2015-02-26 02:23:00'),
	(162,'New Caledonia','2015-02-26 02:23:00','2015-02-26 02:23:00'),
	(163,'New Zealand','2015-02-26 02:23:00','2015-02-26 02:23:00'),
	(164,'Nicaragua','2015-02-26 02:23:00','2015-02-26 02:23:00'),
	(165,'Niger','2015-02-26 02:23:00','2015-02-26 02:23:00'),
	(166,'Nigeria','2015-02-26 02:23:00','2015-02-26 02:23:00'),
	(167,'Niue','2015-02-26 02:23:00','2015-02-26 02:23:00'),
	(168,'Norfolk Island','2015-02-26 02:23:00','2015-02-26 02:23:00'),
	(169,'North Korea','2015-02-26 02:23:00','2015-02-26 02:23:00'),
	(170,'North Vietnam','2015-02-26 02:23:00','2015-02-26 02:23:00'),
	(171,'Northern Mariana Islands','2015-02-26 02:23:00','2015-02-26 02:23:00'),
	(172,'Norway','2015-02-26 02:23:00','2015-02-26 02:23:00'),
	(173,'Oman','2015-02-26 02:23:00','2015-02-26 02:23:00'),
	(174,'Pacific Islands Trust Territory','2015-02-26 02:23:00','2015-02-26 02:23:00'),
	(175,'Pakistan','2015-02-26 02:23:00','2015-02-26 02:23:00'),
	(176,'Palau','2015-02-26 02:23:00','2015-02-26 02:23:00'),
	(177,'Palestinian Territories','2015-02-26 02:23:00','2015-02-26 02:23:00'),
	(178,'Panama','2015-02-26 02:23:00','2015-02-26 02:23:00'),
	(179,'Panama Canal Zone','2015-02-26 02:23:00','2015-02-26 02:23:00'),
	(180,'Papua New Guinea','2015-02-26 02:23:00','2015-02-26 02:23:00'),
	(181,'Paraguay','2015-02-26 02:23:00','2015-02-26 02:23:00'),
	(182,'People\'s Democratic Republic of Yemen','2015-02-26 02:23:00','2015-02-26 02:23:00'),
	(183,'Peru','2015-02-26 02:23:00','2015-02-26 02:23:00'),
	(184,'Philippines','2015-02-26 02:23:00','2015-02-26 02:23:00'),
	(185,'Pitcairn Islands','2015-02-26 02:23:00','2015-02-26 02:23:00'),
	(186,'Poland','2015-02-26 02:23:00','2015-02-26 02:23:00'),
	(187,'Portugal','2015-02-26 02:23:00','2015-02-26 02:23:00'),
	(188,'Puerto Rico','2015-02-26 02:23:00','2015-02-26 02:23:00'),
	(189,'Qatar','2015-02-26 02:23:00','2015-02-26 02:23:00'),
	(190,'Romania','2015-02-26 02:23:00','2015-02-26 02:23:00'),
	(191,'Russia','2015-02-26 02:23:00','2015-02-26 02:23:00'),
	(192,'Rwanda','2015-02-26 02:23:00','2015-02-26 02:23:00'),
	(193,'Saint Helena','2015-02-26 02:23:00','2015-02-26 02:23:00'),
	(194,'Saint Kitts and Nevis','2015-02-26 02:23:00','2015-02-26 02:23:00'),
	(195,'Saint Lucia','2015-02-26 02:23:00','2015-02-26 02:23:00'),
	(196,'Saint Martin','2015-02-26 02:23:00','2015-02-26 02:23:00'),
	(197,'Saint Pierre and Miquelon','2015-02-26 02:23:00','2015-02-26 02:23:00'),
	(198,'Saint Vincent and the Grenadines','2015-02-26 02:23:00','2015-02-26 02:23:00'),
	(199,'Samoa','2015-02-26 02:23:00','2015-02-26 02:23:00'),
	(200,'San Marino','2015-02-26 02:23:00','2015-02-26 02:23:00'),
	(201,'Saudi Arabia','2015-02-26 02:23:00','2015-02-26 02:23:00'),
	(202,'Senegal','2015-02-26 02:23:00','2015-02-26 02:23:00'),
	(203,'Serbia','2015-02-26 02:23:00','2015-02-26 02:23:00'),
	(204,'Serbia and Montenegro','2015-02-26 02:23:00','2015-02-26 02:23:00'),
	(205,'Seychelles','2015-02-26 02:23:00','2015-02-26 02:23:00'),
	(206,'Sierra Leone','2015-02-26 02:23:00','2015-02-26 02:23:00'),
	(207,'Singapore','2015-02-26 02:23:00','2015-02-26 02:23:00'),
	(208,'Slovakia','2015-02-26 02:23:00','2015-02-26 02:23:00'),
	(209,'Slovenia','2015-02-26 02:23:00','2015-02-26 02:23:00'),
	(210,'Solomon Islands','2015-02-26 02:23:00','2015-02-26 02:23:00'),
	(211,'Somalia','2015-02-26 02:23:00','2015-02-26 02:23:00'),
	(212,'South Africa','2015-02-26 02:23:00','2015-02-26 02:23:00'),
	(213,'South Georgia and the South Sandwich Islands','2015-02-26 02:23:00','2015-02-26 02:23:00'),
	(214,'South Korea','2015-02-26 02:23:00','2015-02-26 02:23:00'),
	(215,'Spain','2015-02-26 02:23:00','2015-02-26 02:23:00'),
	(216,'Sri Lanka','2015-02-26 02:23:00','2015-02-26 02:23:00'),
	(217,'Sudan','2015-02-26 02:23:00','2015-02-26 02:23:00'),
	(218,'Suriname','2015-02-26 02:23:00','2015-02-26 02:23:00'),
	(219,'Svalbard and Jan Mayen','2015-02-26 02:23:00','2015-02-26 02:23:00'),
	(220,'Swaziland','2015-02-26 02:23:00','2015-02-26 02:23:00'),
	(221,'Sweden','2015-02-26 02:23:00','2015-02-26 02:23:00'),
	(222,'Switzerland','2015-02-26 02:23:00','2015-02-26 02:23:00'),
	(223,'Syria','2015-02-26 02:23:00','2015-02-26 02:23:00'),
	(224,'Taiwan','2015-02-26 02:23:00','2015-02-26 02:23:00'),
	(225,'Tajikistan','2015-02-26 02:23:00','2015-02-26 02:23:00'),
	(226,'Tanzania','2015-02-26 02:23:00','2015-02-26 02:23:00'),
	(227,'Thailand','2015-02-26 02:23:00','2015-02-26 02:23:00'),
	(228,'Timor-Leste','2015-02-26 02:23:00','2015-02-26 02:23:00'),
	(229,'Togo','2015-02-26 02:23:00','2015-02-26 02:23:00'),
	(230,'Tokelau','2015-02-26 02:23:00','2015-02-26 02:23:00'),
	(231,'Tonga','2015-02-26 02:23:00','2015-02-26 02:23:00'),
	(232,'Trinidad and Tobago','2015-02-26 02:23:00','2015-02-26 02:23:00'),
	(233,'Tunisia','2015-02-26 02:23:00','2015-02-26 02:23:00'),
	(234,'Turkey','2015-02-26 02:23:00','2015-02-26 02:23:00'),
	(235,'Turkmenistan','2015-02-26 02:23:00','2015-02-26 02:23:00'),
	(236,'Turks and Caicos Islands','2015-02-26 02:23:00','2015-02-26 02:23:00'),
	(237,'Tuvalu','2015-02-26 02:23:00','2015-02-26 02:23:00'),
	(238,'U.S. Minor Outlying Islands','2015-02-26 02:23:00','2015-02-26 02:23:00'),
	(239,'U.S. Miscellaneous Pacific Islands','2015-02-26 02:23:00','2015-02-26 02:23:00'),
	(240,'U.S. Virgin Islands','2015-02-26 02:23:00','2015-02-26 02:23:00'),
	(241,'Uganda','2015-02-26 02:23:00','2015-02-26 02:23:00'),
	(242,'Ukraine','2015-02-26 02:23:00','2015-02-26 02:23:00'),
	(243,'Union of Soviet Socialist Republics','2015-02-26 02:23:00','2015-02-26 02:23:00'),
	(244,'United Arab Emirates','2015-02-26 02:23:00','2015-02-26 02:23:00'),
	(245,'United Kingdom','2015-02-26 02:23:00','2015-02-26 02:23:00'),
	(246,'United States','2015-02-26 02:23:00','2015-02-26 02:23:00'),
	(247,'Unknown or Invalid Region','2015-02-26 02:23:00','2015-02-26 02:23:00'),
	(248,'Uruguay','2015-02-26 02:23:00','2015-02-26 02:23:00'),
	(249,'Uzbekistan','2015-02-26 02:23:00','2015-02-26 02:23:00'),
	(250,'Vanuatu','2015-02-26 02:23:00','2015-02-26 02:23:00'),
	(251,'Vatican City','2015-02-26 02:23:00','2015-02-26 02:23:00'),
	(252,'Venezuela','2015-02-26 02:23:00','2015-02-26 02:23:00'),
	(253,'Vietnam','2015-02-26 02:23:00','2015-02-26 02:23:00'),
	(254,'Wake Island','2015-02-26 02:23:00','2015-02-26 02:23:00'),
	(255,'Wallis and Futuna','2015-02-26 02:23:00','2015-02-26 02:23:00'),
	(256,'Western Sahara','2015-02-26 02:23:00','2015-02-26 02:23:00'),
	(257,'Yemen','2015-02-26 02:23:00','2015-02-26 02:23:00'),
	(258,'Zambia','2015-02-26 02:23:00','2015-02-26 02:23:00'),
	(259,'Zimbabwe','2015-02-26 02:23:00','2015-02-26 02:23:00');

/*!40000 ALTER TABLE `countries` ENABLE KEYS */;
UNLOCK TABLES;


# Dump of table deal_transactions
# ------------------------------------------------------------

DROP TABLE IF EXISTS `deal_transactions`;

CREATE TABLE `deal_transactions` (
  `id` int(11) unsigned NOT NULL AUTO_INCREMENT,
  `deal_id` int(11) unsigned NOT NULL,
  `consumer_id` int(11) unsigned NOT NULL,
  `phone_number` varchar(15) DEFAULT NULL,
  `consumer_email` varchar(255) NOT NULL DEFAULT '',
  `payment_date` datetime DEFAULT NULL,
  `payment_type` varchar(100) DEFAULT NULL,
  `payment_status` tinyint(1) DEFAULT '0',
  `qty` smallint(4) DEFAULT NULL,
  `amount` decimal(10,2) DEFAULT NULL,
  `total` decimal(10,2) DEFAULT NULL,
  `status` tinyint(1) NOT NULL DEFAULT '1',
  `created_at` timestamp NULL DEFAULT NULL,
  `updated_at` timestamp NULL DEFAULT NULL,
  `deleted_at` timestamp NULL DEFAULT NULL,
  `payment_id` varchar(255) DEFAULT NULL,
  PRIMARY KEY (`id`),
  KEY `fk_deal_tran_deal_id` (`deal_id`),
  KEY `fk_deal_tran_consumer_id` (`consumer_id`),
  CONSTRAINT `fk_deal_tran_consumer_id` FOREIGN KEY (`consumer_id`) REFERENCES `users` (`id`) ON DELETE NO ACTION ON UPDATE NO ACTION,
  CONSTRAINT `fk_deal_tran_deal_id` FOREIGN KEY (`deal_id`) REFERENCES `deals` (`id`) ON DELETE CASCADE ON UPDATE CASCADE
) ENGINE=InnoDB DEFAULT CHARSET=latin1;

LOCK TABLES `deal_transactions` WRITE;
/*!40000 ALTER TABLE `deal_transactions` DISABLE KEYS */;

INSERT INTO `deal_transactions` (`id`, `deal_id`, `consumer_id`, `phone_number`, `consumer_email`, `payment_date`, `payment_type`, `payment_status`, `qty`, `amount`, `total`, `status`, `created_at`, `updated_at`, `deleted_at`, `payment_id`)
VALUES
	(1,21,41,'6529538796','appraisercommand@outlook.com',NULL,'dddd',1,4,325.00,1300.00,1,'2015-04-20 20:03:00','2015-04-20 20:03:00',NULL,NULL),
	(2,26,85,'6544326256','totteringtawdry@yahoo.com',NULL,'dddd',1,3,316.00,948.00,1,'2015-04-20 20:03:00','2015-04-20 20:03:00',NULL,NULL),
	(3,25,36,'6597878853','forwardfusty@yahoo.com.sg',NULL,'dddd',1,3,286.00,858.00,1,'2015-04-20 20:03:00','2015-04-20 20:03:00',NULL,NULL),
	(4,32,55,'6574391846','unsightlycluster@hotmail.com',NULL,'dddd',1,2,494.00,988.00,1,'2015-04-20 20:03:00','2015-04-20 20:03:00',NULL,NULL),
	(5,40,85,'6543052232','wagtailcranky@gmail.com',NULL,'dddd',1,1,97.00,97.00,1,'2015-04-20 20:03:00','2015-04-20 20:03:00',NULL,NULL),
	(6,28,86,'6546503069','shutaccidental@outlook.com',NULL,'dddd',1,2,336.00,672.00,1,'2015-04-20 20:03:00','2015-04-20 20:03:00',NULL,NULL),
	(7,32,71,'6525217770','advisorfrazzled@yahoo.com',NULL,'dddd',1,3,143.00,429.00,1,'2015-04-20 20:03:00','2015-04-20 20:03:00',NULL,NULL),
	(8,36,82,'6575500997','iceskatesdisfigured@yahoo.com.sg',NULL,'dddd',1,3,58.00,174.00,1,'2015-04-20 20:03:00','2015-04-20 20:03:00',NULL,NULL),
	(9,20,34,'6580454385','aroundugly@hotmail.com',NULL,'dddd',1,1,249.00,249.00,1,'2015-04-20 20:03:00','2015-04-20 20:03:00',NULL,NULL),
	(10,22,83,'6538318021','implyroguish@gmail.com',NULL,NULL,1,3,448.00,1344.00,1,'2015-04-20 20:03:00','2015-04-20 20:03:00',NULL,NULL),
	(11,25,56,'6582785904','competentfields@outlook.com',NULL,NULL,1,1,373.00,373.00,1,'2015-04-20 20:03:00','2015-04-20 20:03:00',NULL,NULL),
	(12,34,26,'6565160306','doodlebunch@yahoo.com',NULL,NULL,1,2,52.00,104.00,1,'2015-04-20 20:03:00','2015-04-20 20:03:00',NULL,NULL),
	(13,29,58,'6527610571','stablesweet@yahoo.com.sg',NULL,NULL,1,1,242.00,242.00,1,'2015-04-20 20:03:00','2015-04-20 20:03:00',NULL,NULL),
	(14,35,23,'6559819546','queansea@hotmail.com',NULL,NULL,1,3,325.00,975.00,1,'2015-04-20 20:03:00','2015-04-20 20:03:00',NULL,NULL),
	(15,29,69,'6582892065','distressedpencil@gmail.com',NULL,NULL,1,1,233.00,233.00,1,'2015-04-20 20:03:00','2015-04-20 20:03:00',NULL,NULL),
	(16,31,76,'6562435016','crayoncolobus@outlook.com','0000-00-00 00:00:00','',1,2,184.00,368.00,1,'2015-04-20 20:03:00','2015-04-20 20:03:00','0000-00-00 00:00:00',''),
	(17,38,70,'6557560839','filletredwing@gmail.com','0000-00-00 00:00:00','',1,1,262.00,262.00,1,'2015-04-20 20:03:00','2015-04-20 20:03:00','0000-00-00 00:00:00',''),
	(18,23,87,'6525583186','forefingerski@outlook.com','0000-00-00 00:00:00','',1,2,104.00,208.00,1,'2015-04-20 20:03:00','2015-04-20 20:03:00','0000-00-00 00:00:00',''),
	(19,37,69,'6588430901','troublepincers@yahoo.com','0000-00-00 00:00:00','',1,3,96.00,288.00,1,'2015-04-20 20:03:00','2015-04-20 20:03:00','0000-00-00 00:00:00',''),
	(20,33,81,'6531197271','dupeexotic@yahoo.com.sg','0000-00-00 00:00:00','',1,2,167.00,334.00,1,'2015-04-20 20:03:00','2015-04-20 20:03:00','0000-00-00 00:00:00',''),
	(21,20,71,'6565037995','cyclemarks@hotmail.com','0000-00-00 00:00:00','',1,3,367.00,1101.00,1,'2015-04-20 20:03:00','2015-04-20 20:03:00','0000-00-00 00:00:00',''),
	(22,38,63,'6529120749','kidneyedcaustic@gmail.com','0000-00-00 00:00:00','',1,4,220.00,880.00,1,'2015-04-20 20:03:00','2015-04-20 20:03:00','0000-00-00 00:00:00',''),
	(23,35,34,'6568632015','stuffedtwenty@outlook.com','0000-00-00 00:00:00','',1,2,491.00,982.00,1,'2015-04-20 20:03:00','2015-04-20 20:03:00','0000-00-00 00:00:00',''),
	(24,39,91,'6557868019','gullimpressive@yahoo.com','0000-00-00 00:00:00','',1,4,291.00,1164.00,1,'2015-04-20 20:03:00','2015-04-20 20:03:00','0000-00-00 00:00:00',''),
	(25,24,43,'6573169858','chipobtainable@yahoo.com.sg','0000-00-00 00:00:00','',1,3,253.00,759.00,1,'2015-04-20 20:03:00','2015-04-20 20:03:00','0000-00-00 00:00:00',''),
	(26,25,77,'6579316630','operatesailing@hotmail.com','0000-00-00 00:00:00','',1,4,342.00,1368.00,1,'2015-04-20 20:03:00','2015-04-20 20:03:00','0000-00-00 00:00:00',''),
	(27,30,58,'6573063591','woefulface@gmail.com','0000-00-00 00:00:00','',1,4,317.00,1268.00,1,'2015-04-20 20:03:00','2015-04-20 20:03:00','0000-00-00 00:00:00',''),
	(28,24,84,'6525720660','cocklelights@outlook.com','0000-00-00 00:00:00','',1,4,265.00,1060.00,1,'2015-04-20 20:03:00','2015-04-20 20:03:00','0000-00-00 00:00:00',''),
	(29,33,40,'6574699833','moondive@yahoo.com','0000-00-00 00:00:00','',1,4,365.00,1460.00,1,'2015-04-20 20:03:00','2015-04-20 20:03:00','0000-00-00 00:00:00',''),
	(30,35,77,'6551075718','dishesquilt@yahoo.com.sg','0000-00-00 00:00:00','',1,3,163.00,489.00,1,'2015-04-20 20:03:00','2015-04-20 20:03:00','0000-00-00 00:00:00',''),
	(31,33,78,'6572439438','codlolly@hotmail.com','0000-00-00 00:00:00','',1,2,208.00,416.00,1,'2015-04-20 20:03:00','2015-04-20 20:03:00','0000-00-00 00:00:00',''),
	(32,37,66,'6589142834','summitsimplistic@gmail.com','0000-00-00 00:00:00','',1,2,356.00,712.00,1,'2015-04-20 20:03:00','2015-04-20 20:03:00','0000-00-00 00:00:00',''),
	(33,26,79,'6574513605','tickreservoir@outlook.com','0000-00-00 00:00:00','',1,1,177.00,177.00,1,'2015-04-20 20:03:00','2015-04-20 20:03:00','0000-00-00 00:00:00',''),
	(34,24,89,'6548531258','sizzlingpish@hotmail.com','0000-00-00 00:00:00','',1,2,374.00,748.00,1,'2015-04-20 20:03:00','2015-04-20 20:03:00','0000-00-00 00:00:00',''),
	(35,30,23,'6541122698','privilegefloss@gmail.com','0000-00-00 00:00:00','',1,4,321.00,1284.00,1,'2015-04-20 20:03:00','2015-04-20 20:03:00','0000-00-00 00:00:00',''),
	(36,32,59,'6592450511','skingive@outlook.com','0000-00-00 00:00:00','',1,3,48.00,144.00,1,'2015-04-20 20:03:00','2015-04-20 20:03:00','0000-00-00 00:00:00',''),
	(37,38,66,'6547746977','furtiveon@yahoo.com','0000-00-00 00:00:00','',1,2,79.00,158.00,1,'2015-04-20 20:03:00','2015-04-20 20:03:00','0000-00-00 00:00:00',''),
	(38,26,62,'6555716408','whimsicalriding@yahoo.com.sg','0000-00-00 00:00:00','',1,4,105.00,420.00,1,'2015-04-20 20:03:00','2015-04-20 20:03:00','0000-00-00 00:00:00',''),
	(39,20,77,'6561435844','filletstomatoe@hotmail.com','0000-00-00 00:00:00','',1,1,155.00,155.00,1,'2015-04-20 20:03:00','2015-04-20 20:03:00','0000-00-00 00:00:00',''),
	(40,27,82,'6536147404','hailtrent@gmail.com','0000-00-00 00:00:00','',1,2,93.00,186.00,1,'2015-04-20 20:03:00','2015-04-20 20:03:00','0000-00-00 00:00:00',''),
	(41,40,40,'6563525084','surprisedirty@outlook.com','0000-00-00 00:00:00','',1,1,220.00,220.00,1,'2015-04-20 20:03:00','2015-04-20 20:03:00','0000-00-00 00:00:00',''),
	(42,25,92,'6524382300','bufffrilly@yahoo.com','0000-00-00 00:00:00','',1,4,391.00,1564.00,1,'2015-04-20 20:03:00','2015-04-20 20:03:00','0000-00-00 00:00:00',''),
	(43,26,90,'6558130358','irritateduncommon@yahoo.com.sg','0000-00-00 00:00:00','',1,4,290.00,1160.00,1,'2015-04-20 20:03:00','2015-04-20 20:03:00','0000-00-00 00:00:00',''),
	(44,36,47,'6539655278','lowerpussy@hotmail.com','0000-00-00 00:00:00','',1,1,394.00,394.00,1,'2015-04-20 20:03:00','2015-04-20 20:03:00','0000-00-00 00:00:00',''),
	(45,25,33,'6587959085','tickingwitches@gmail.com','0000-00-00 00:00:00','',1,3,491.00,1473.00,1,'2015-04-20 20:03:00','2015-04-20 20:03:00','0000-00-00 00:00:00',''),
	(46,29,54,'6540948648','stinkywildfowl@outlook.com','0000-00-00 00:00:00','',1,2,329.00,658.00,1,'2015-04-20 20:03:00','2015-04-20 20:03:00','0000-00-00 00:00:00',''),
	(47,37,53,'6543760938','vietnameseroller@yahoo.com','0000-00-00 00:00:00','',1,3,481.00,1443.00,1,'2015-04-20 20:03:00','2015-04-20 20:03:00','0000-00-00 00:00:00',''),
	(48,24,45,'6577945784','turbulentshyster@yahoo.com.sg','0000-00-00 00:00:00','',1,2,184.00,368.00,1,'2015-04-20 20:03:00','2015-04-20 20:03:00','0000-00-00 00:00:00',''),
	(49,20,46,'6565927450','burpthree@hotmail.com','0000-00-00 00:00:00','',1,1,135.00,135.00,1,'2015-04-20 20:03:00','2015-04-20 20:03:00','0000-00-00 00:00:00',''),
	(50,39,76,'6579815546','boyscoutsaged@gmail.com','0000-00-00 00:00:00','',1,1,374.00,374.00,1,'2015-04-20 20:03:00','2015-04-20 20:03:00','0000-00-00 00:00:00',''),
	(51,28,92,'6572809696','leashrug@outlook.com','0000-00-00 00:00:00','',1,1,75.00,75.00,1,'2015-04-20 20:03:00','2015-04-20 20:03:00','0000-00-00 00:00:00',''),
	(52,33,70,'6545582929','lungdefiant@gmail.com','0000-00-00 00:00:00','',1,3,449.00,1347.00,1,'2015-04-20 20:03:00','2015-04-20 20:03:00','0000-00-00 00:00:00',''),
	(53,40,43,'6593950182','damagedquestion@outlook.com','0000-00-00 00:00:00','',1,4,163.00,652.00,1,'2015-04-20 20:03:00','2015-04-20 20:03:00','0000-00-00 00:00:00',''),
	(54,40,65,'6559818651','grizzledduster@yahoo.com','0000-00-00 00:00:00','',1,4,168.00,672.00,1,'2015-04-20 20:03:00','2015-04-20 20:03:00','0000-00-00 00:00:00',''),
	(55,29,32,'6591030342','healthyaspiring@yahoo.com.sg','0000-00-00 00:00:00','',1,4,179.00,716.00,1,'2015-04-20 20:03:00','2015-04-20 20:03:00','0000-00-00 00:00:00',''),
	(56,30,24,'6556313246','previousburnish@hotmail.com','0000-00-00 00:00:00','',1,4,396.00,1584.00,1,'2015-04-20 20:03:00','2015-04-20 20:03:00','0000-00-00 00:00:00',''),
	(57,31,75,'6597451869','weaversunny@gmail.com','0000-00-00 00:00:00','',1,2,382.00,764.00,1,'2015-04-20 20:03:00','2015-04-20 20:03:00','0000-00-00 00:00:00',''),
	(58,32,63,'6551562886','pillsearnest@outlook.com','0000-00-00 00:00:00','',1,2,276.00,552.00,1,'2015-04-20 20:03:00','2015-04-20 20:03:00','0000-00-00 00:00:00',''),
	(59,38,33,'6580072257','gobemouchecartilage@yahoo.com','0000-00-00 00:00:00','',1,2,496.00,992.00,1,'2015-04-20 20:03:00','2015-04-20 20:03:00','0000-00-00 00:00:00',''),
	(60,23,29,'6541805765','fillmarten@yahoo.com.sg','0000-00-00 00:00:00','',1,2,488.00,976.00,1,'2015-04-20 20:03:00','2015-04-20 20:03:00','0000-00-00 00:00:00',''),
	(61,26,43,'6568596195','desertedhabitual@hotmail.com','0000-00-00 00:00:00','',1,1,141.00,141.00,1,'2015-04-20 20:03:00','2015-04-20 20:03:00','0000-00-00 00:00:00',''),
	(62,33,32,'6588406784','sprypointed@gmail.com','0000-00-00 00:00:00','',1,4,459.00,1836.00,1,'2015-04-20 20:03:00','2015-04-20 20:03:00','0000-00-00 00:00:00',''),
	(63,29,81,'6570312383','plantscold@outlook.com','0000-00-00 00:00:00','',1,2,380.00,760.00,1,'2015-04-20 20:03:00','2015-04-20 20:03:00','0000-00-00 00:00:00',''),
	(64,32,25,'6588522838','spiritedwilted@yahoo.com.sg','0000-00-00 00:00:00','',1,2,495.00,990.00,1,'2015-04-20 20:03:00','2015-04-20 20:03:00','0000-00-00 00:00:00',''),
	(65,38,26,'6556375127','attendkit@hotmail.com','0000-00-00 00:00:00','',1,1,71.00,71.00,1,'2015-04-20 20:03:00','2015-04-20 20:03:00','0000-00-00 00:00:00',''),
	(66,30,61,'6569759709','coatioffended@gmail.com','0000-00-00 00:00:00','',1,1,142.00,142.00,1,'2015-04-20 20:03:00','2015-04-20 20:03:00','0000-00-00 00:00:00',''),
	(67,30,67,'6587061726','onionserene@outlook.com','0000-00-00 00:00:00','',1,1,412.00,412.00,1,'2015-04-20 20:03:00','2015-04-20 20:03:00','0000-00-00 00:00:00',''),
	(68,37,68,'6538924559','spencerspotatoes@yahoo.com','0000-00-00 00:00:00','',1,3,452.00,1356.00,1,'2015-04-20 20:03:00','2015-04-20 20:03:00','0000-00-00 00:00:00',''),
	(69,27,58,'6595057780','possessiveunequal@yahoo.com.sg','0000-00-00 00:00:00','',1,1,331.00,331.00,1,'2015-04-20 20:03:00','2015-04-20 20:03:00','0000-00-00 00:00:00',''),
	(70,35,40,'6526070911','squelchhat@hotmail.com','0000-00-00 00:00:00','',1,3,233.00,699.00,1,'2015-04-20 20:03:00','2015-04-20 20:03:00','0000-00-00 00:00:00',''),
	(71,33,77,'6544285823','oldribbit@gmail.com','0000-00-00 00:00:00','',1,2,85.00,170.00,1,'2015-04-20 20:03:00','2015-04-20 20:03:00','0000-00-00 00:00:00',''),
	(72,38,24,'6571687253','corpusclelift@outlook.com','0000-00-00 00:00:00','',1,3,194.00,582.00,1,'2015-04-20 20:03:00','2015-04-20 20:03:00','0000-00-00 00:00:00',''),
	(73,21,57,'6544986640','junkfilibuster@yahoo.com','0000-00-00 00:00:00','',1,1,210.00,210.00,1,'2015-04-20 20:03:00','2015-04-20 20:03:00','0000-00-00 00:00:00',''),
	(74,25,70,'6567236713','shandylovable@yahoo.com.sg','0000-00-00 00:00:00','',1,4,82.00,328.00,1,'2015-04-20 20:03:00','2015-04-20 20:03:00','0000-00-00 00:00:00',''),
	(75,21,78,'6526593382','forsakenfloating@hotmail.com','0000-00-00 00:00:00','',1,1,131.00,131.00,1,'2015-04-20 20:03:00','2015-04-20 20:03:00','0000-00-00 00:00:00',''),
	(76,22,88,'6555253317','screechsatisfying@gmail.com','0000-00-00 00:00:00','',1,3,43.00,129.00,1,'2015-04-20 20:03:00','2015-04-20 20:03:00','0000-00-00 00:00:00',''),
	(77,34,78,'6585212169','querulousbarber@outlook.com','0000-00-00 00:00:00','',1,4,497.00,1988.00,1,'2015-04-20 20:03:00','2015-04-20 20:03:00','0000-00-00 00:00:00',''),
	(78,31,76,'6564752301','swearstripey@gmail.com','0000-00-00 00:00:00','',1,3,274.00,822.00,1,'2015-04-20 20:03:00','2015-04-20 20:03:00','0000-00-00 00:00:00',''),
	(79,30,77,'6564411011','deanshut@outlook.com','0000-00-00 00:00:00','',1,1,164.00,164.00,1,'2015-04-20 20:03:00','2015-04-20 20:03:00','0000-00-00 00:00:00',''),
	(80,22,53,'6559882407','scruffyvessels@yahoo.com','0000-00-00 00:00:00','',1,3,355.00,1065.00,1,'2015-04-20 20:03:00','2015-04-20 20:03:00','0000-00-00 00:00:00',''),
	(81,21,25,'6558135472','puncturerandom@yahoo.com.sg','0000-00-00 00:00:00','',1,1,227.00,227.00,1,'2015-04-20 20:03:00','2015-04-20 20:03:00','0000-00-00 00:00:00',''),
	(82,33,62,'6541834494','chargeathletics@hotmail.com','0000-00-00 00:00:00','',1,2,318.00,636.00,1,'2015-04-20 20:03:00','2015-04-20 20:03:00','0000-00-00 00:00:00',''),
	(83,28,50,'6579406616','snappingodd@gmail.com','0000-00-00 00:00:00','',1,1,346.00,346.00,1,'2015-04-20 20:03:00','2015-04-20 20:03:00','0000-00-00 00:00:00',''),
	(84,37,52,'6565056338','collarsatisfy@outlook.com','0000-00-00 00:00:00','',1,4,78.00,312.00,1,'2015-04-20 20:03:00','2015-04-20 20:03:00','0000-00-00 00:00:00',''),
	(85,31,50,'6562737110','basmatiprotect@yahoo.com','0000-00-00 00:00:00','',1,2,60.00,120.00,1,'2015-04-20 20:03:00','2015-04-20 20:03:00','0000-00-00 00:00:00',''),
	(86,37,66,'6555871861','troublepincers@yahoo.com','0000-00-00 00:00:00','',1,2,261.00,522.00,1,'2015-04-20 20:03:00','2015-04-20 20:03:00','0000-00-00 00:00:00',''),
	(87,31,79,'6559662642','dupeexotic@yahoo.com.sg','0000-00-00 00:00:00','',1,1,399.00,399.00,1,'2015-04-20 20:03:00','2015-04-20 20:03:00','0000-00-00 00:00:00',''),
	(88,31,89,'6549602016','cyclemarks@hotmail.com','0000-00-00 00:00:00','',1,4,423.00,1692.00,1,'2015-04-20 20:03:00','2015-04-20 20:03:00','0000-00-00 00:00:00',''),
	(89,32,23,'6550276611','kidneyedcaustic@gmail.com','0000-00-00 00:00:00','',1,4,338.00,1352.00,1,'2015-04-20 20:03:00','2015-04-20 20:03:00','0000-00-00 00:00:00',''),
	(90,35,59,'6554899822','stuffedtwenty@outlook.com','0000-00-00 00:00:00','',1,2,322.00,644.00,1,'2015-04-20 20:03:00','2015-04-20 20:03:00','0000-00-00 00:00:00',''),
	(91,37,66,'6533928356','gullimpressive@yahoo.com','0000-00-00 00:00:00','',1,1,325.00,325.00,1,'2015-04-20 20:03:00','2015-04-20 20:03:00','0000-00-00 00:00:00',''),
	(92,37,62,'6563502461','chipobtainable@yahoo.com.sg','0000-00-00 00:00:00','',1,3,304.00,912.00,1,'2015-04-20 20:03:00','2015-04-20 20:03:00','0000-00-00 00:00:00',''),
	(93,40,77,'6594407438','operatesailing@hotmail.com','0000-00-00 00:00:00','',1,3,360.00,1080.00,1,'2015-04-20 20:03:00','2015-04-20 20:03:00','0000-00-00 00:00:00',''),
	(94,38,82,'6591971999','woefulface@gmail.com','0000-00-00 00:00:00','',1,1,179.00,179.00,1,'2015-04-20 20:03:00','2015-04-20 20:03:00','0000-00-00 00:00:00',''),
	(95,34,40,'6527285311','cocklelights@outlook.com','0000-00-00 00:00:00','',1,2,357.00,714.00,1,'2015-04-20 20:03:00','2015-04-20 20:03:00','0000-00-00 00:00:00',''),
	(96,33,92,'6532295737','moondive@yahoo.com','0000-00-00 00:00:00','',1,4,299.00,1196.00,1,'2015-04-20 20:03:00','2015-04-20 20:03:00','0000-00-00 00:00:00',''),
	(97,26,90,'6562434151','dishesquilt@yahoo.com.sg','0000-00-00 00:00:00','',1,2,80.00,160.00,1,'2015-04-20 20:03:00','2015-04-20 20:03:00','0000-00-00 00:00:00',''),
	(98,39,47,'6561004206','codlolly@hotmail.com','0000-00-00 00:00:00','',1,3,234.00,702.00,1,'2015-04-20 20:03:00','2015-04-20 20:03:00','0000-00-00 00:00:00',''),
	(99,24,33,'6571872701','summitsimplistic@gmail.com','0000-00-00 00:00:00','',1,3,96.00,288.00,1,'2015-04-20 20:03:00','2015-04-20 20:03:00','0000-00-00 00:00:00',''),
	(100,20,54,'6581939502','tickreservoir@outlook.com','0000-00-00 00:00:00','',1,1,162.00,162.00,1,'2015-04-20 20:03:00','2015-04-20 20:03:00','0000-00-00 00:00:00',''),
	(101,23,53,'6539358222','sizzlingpish@hotmail.com','0000-00-00 00:00:00','',1,1,239.00,239.00,1,'2015-04-20 20:03:00','2015-04-20 20:03:00','0000-00-00 00:00:00',''),
	(102,33,45,'6547450434','privilegefloss@gmail.com','0000-00-00 00:00:00','',1,3,414.00,1242.00,1,'2015-04-20 20:03:00','2015-04-20 20:03:00','0000-00-00 00:00:00',''),
	(103,26,46,'6536020156','skingive@outlook.com','0000-00-00 00:00:00','',1,4,186.00,744.00,1,'2015-04-20 20:03:00','2015-04-20 20:03:00','0000-00-00 00:00:00',''),
	(104,23,76,'6545479446','furtiveon@yahoo.com','0000-00-00 00:00:00','',1,3,319.00,957.00,1,'2015-04-20 20:03:00','2015-04-20 20:03:00','0000-00-00 00:00:00',''),
	(105,34,92,'6590876934','whimsicalriding@yahoo.com.sg','0000-00-00 00:00:00','',1,4,200.00,800.00,1,'2015-04-20 20:03:00','2015-04-20 20:03:00','0000-00-00 00:00:00',''),
	(106,28,70,'6570682630','filletstomatoe@hotmail.com','0000-00-00 00:00:00','',1,2,43.00,86.00,1,'2015-04-20 20:03:00','2015-04-20 20:03:00','0000-00-00 00:00:00',''),
	(107,36,43,'6537168093','hailtrent@gmail.com','0000-00-00 00:00:00','',1,3,343.00,1029.00,1,'2015-04-20 20:03:00','2015-04-20 20:03:00','0000-00-00 00:00:00',''),
	(108,38,65,'6598079989','surprisedirty@outlook.com','0000-00-00 00:00:00','',1,2,168.00,336.00,1,'2015-04-20 20:03:00','2015-04-20 20:03:00','0000-00-00 00:00:00',''),
	(109,27,32,'6585249651','bufffrilly@yahoo.com','0000-00-00 00:00:00','',1,4,417.00,1668.00,1,'2015-04-20 20:03:00','2015-04-20 20:03:00','0000-00-00 00:00:00',''),
	(110,34,24,'6546185115','irritateduncommon@yahoo.com.sg','0000-00-00 00:00:00','',1,3,31.00,93.00,1,'2015-04-20 20:03:00','2015-04-20 20:03:00','0000-00-00 00:00:00',''),
	(111,24,75,'6535017456','lowerpussy@hotmail.com','0000-00-00 00:00:00','',1,2,384.00,768.00,1,'2015-04-20 20:03:00','2015-04-20 20:03:00','0000-00-00 00:00:00',''),
	(112,24,63,'6598040278','tickingwitches@gmail.com','0000-00-00 00:00:00','',1,3,55.00,165.00,1,'2015-04-20 20:03:00','2015-04-20 20:03:00','0000-00-00 00:00:00',''),
	(113,31,33,'6594751927','stinkywildfowl@outlook.com','0000-00-00 00:00:00','',1,1,256.00,256.00,1,'2015-04-20 20:03:00','2015-04-20 20:03:00','0000-00-00 00:00:00',''),
	(114,31,29,'6571968011','vietnameseroller@yahoo.com','0000-00-00 00:00:00','',1,1,418.00,418.00,1,'2015-04-20 20:03:00','2015-04-20 20:03:00','0000-00-00 00:00:00',''),
	(115,38,43,'6572003992','turbulentshyster@yahoo.com.sg','0000-00-00 00:00:00','',1,2,500.00,1000.00,1,'2015-04-20 20:03:00','2015-04-20 20:03:00','0000-00-00 00:00:00',''),
	(116,40,32,'6555888071','burpthree@hotmail.com','0000-00-00 00:00:00','',1,1,327.00,327.00,1,'2015-04-20 20:03:00','2015-04-20 20:03:00','0000-00-00 00:00:00',''),
	(117,33,81,'6531128461','boyscoutsaged@gmail.com','0000-00-00 00:00:00','',1,2,125.00,250.00,1,'2015-04-20 20:03:00','2015-04-20 20:03:00','0000-00-00 00:00:00',''),
	(118,36,25,'6552761625','leashrug@outlook.com','0000-00-00 00:00:00','',1,4,35.00,140.00,1,'2015-04-20 20:03:00','2015-04-20 20:03:00','0000-00-00 00:00:00',''),
	(119,28,26,'6525333562','lungdefiant@gmail.com','0000-00-00 00:00:00','',1,1,95.00,95.00,1,'2015-04-20 20:03:00','2015-04-20 20:03:00','0000-00-00 00:00:00',''),
	(120,25,61,'6589489656','damagedquestion@outlook.com','0000-00-00 00:00:00','',1,2,487.00,974.00,1,'2015-04-20 20:03:00','2015-04-20 20:03:00','0000-00-00 00:00:00',''),
	(121,25,67,'6584782029','troublepincers@yahoo.com','0000-00-00 00:00:00','',1,3,462.00,1386.00,1,'2015-04-20 20:03:00','2015-04-20 20:03:00','0000-00-00 00:00:00',''),
	(122,33,68,'6568336248','dupeexotic@yahoo.com.sg','0000-00-00 00:00:00','',1,2,85.00,170.00,1,'2015-04-20 20:03:00','2015-04-20 20:03:00','0000-00-00 00:00:00',''),
	(123,31,58,'6575445652','cyclemarks@hotmail.com','0000-00-00 00:00:00','',1,3,162.00,486.00,1,'2015-04-20 20:03:00','2015-04-20 20:03:00','0000-00-00 00:00:00',''),
	(124,38,40,'6523982332','kidneyedcaustic@gmail.com','0000-00-00 00:00:00','',1,1,294.00,294.00,1,'2015-04-20 20:03:00','2015-04-20 20:03:00','0000-00-00 00:00:00',''),
	(125,38,77,'6529781446','stuffedtwenty@outlook.com','0000-00-00 00:00:00','',1,4,104.00,416.00,1,'2015-04-20 20:03:00','2015-04-20 20:03:00','0000-00-00 00:00:00',''),
	(126,39,24,'6575186331','gullimpressive@yahoo.com','0000-00-00 00:00:00','',1,3,416.00,1248.00,1,'2015-04-20 20:03:00','2015-04-20 20:03:00','0000-00-00 00:00:00',''),
	(127,31,57,'6551116710','chipobtainable@yahoo.com.sg','0000-00-00 00:00:00','',1,4,405.00,1620.00,1,'2015-04-20 20:03:00','2015-04-20 20:03:00','0000-00-00 00:00:00',''),
	(128,29,70,'6582519995','operatesailing@hotmail.com','0000-00-00 00:00:00','',1,4,206.00,824.00,1,'2015-04-20 20:03:00','2015-04-20 20:03:00','0000-00-00 00:00:00','');

/*!40000 ALTER TABLE `deal_transactions` ENABLE KEYS */;
UNLOCK TABLES;


# Dump of table deals
# ------------------------------------------------------------

DROP TABLE IF EXISTS `deals`;

CREATE TABLE `deals` (
  `id` int(10) unsigned NOT NULL AUTO_INCREMENT,
  `service_id` int(10) unsigned NOT NULL,
  `title` varchar(500) COLLATE utf8_unicode_ci NOT NULL DEFAULT '',
  `amount` decimal(10,2) NOT NULL,
  `discount` decimal(10,2) DEFAULT NULL,
  `special_request` longtext COLLATE utf8_unicode_ci,
  `time_slot` datetime DEFAULT NULL,
  `remind_time` datetime DEFAULT NULL,
  `created_at` timestamp NOT NULL DEFAULT '2015-02-26 09:23:00',
  `updated_at` timestamp NOT NULL DEFAULT '2015-02-26 09:23:00',
  `status` enum('new','active','drag') COLLATE utf8_unicode_ci DEFAULT 'new',
  `deal_type` enum('Hot Deal','Service') COLLATE utf8_unicode_ci NOT NULL,
  `featured` tinyint(4) DEFAULT '1',
  PRIMARY KEY (`id`),
  KEY `fk_deals_service_id_idx` (`service_id`)
) ENGINE=InnoDB DEFAULT CHARSET=utf8 COLLATE=utf8_unicode_ci;

LOCK TABLES `deals` WRITE;
/*!40000 ALTER TABLE `deals` DISABLE KEYS */;

INSERT INTO `deals` (`id`, `service_id`, `title`, `amount`, `discount`, `special_request`, `time_slot`, `remind_time`, `created_at`, `updated_at`, `status`, `deal_type`, `featured`)
VALUES
	(1,61,'$98 for a 2.5-Hr Maria Galland Paris Spa Package at Le Petit Spa (worth $298) in Tudor Court. More Options Available',298.00,98.00,' The deal\n\n$98 for 1 session of Maria Galland Paris spa package (worth $298)\n$180 for 2 sessions of Maria Galland Paris spa package (worth $596)\n2.5-hour package includes\n\n60-min Maria Galland Paris cocoon spa facial with cocoon mask\n60-min full body massage\n30-min Cuccio express manicure or pedicure (choose 1 colour)\nCustomers who visit from Mon  Fri, 11am  5pm get a complimentary foot soak.GENERAL\nValid for 4 months from date of purchase.\nLimit 1 Groupon per person.\nValid for first-time customers aged 18 and above only.\nValid for Singaporeans, PRs, and EP, SP, DP, and WP holders only.\nValid 11am  8pm daily (not including public holidays and the eve of public holidays).','0000-00-00 00:00:00','0000-00-00 00:00:00','2015-04-14 20:03:00','2015-04-14 20:03:00','active','Hot Deal',0),
	(2,166,'Spa Indulgence: $128 for 90 min Full Body Massage + Back Scrub + More at Chinois Spa, Fort Canning Hotel (Worth $518) ',518.00,128.00,'\n\nFor $128, you get a 110 minute Spa Indulgence for One Pax (worth $518).\nFor $168, you get a 140 minute Spa Indulgence for One Pax (worth $688).\nFor $268, you get a 140 minute Private Couple Ultimate Spa Indulgence in Private Couple Suite with Private Jacuzzi Therapy for Two Pax (worth $1128). \nValid for 3 months from date of purchase\nUnlimited Groupons per person\nLimit 1 Groupon per person per visit\nValid for customers 18 years and above\nValid for Singaporeans, PRs, EP, SP, DP, and WP holders only','0000-00-00 00:00:00','0000-00-00 00:00:00','2015-04-14 20:03:00','2015-04-14 20:03:00','active','Hot Deal',0),
	(3,171,'2.5 Hr Spa Indulgence: $42 for Massage + Organic Facial + Spa Treat at The Organic Spa in Serangoon (Worth $186)',186.00,42.00,'For $42, you get 2.5 Hour Spa Indulgence for One Pax (worth $186).\nFor $52, you get 3 Hour Spa Indulgence for One Pax (worth $206).\nFor $78, you get 2.5 Hour Spa Indulgence for Two Pax (worth $372).\nFor $98, you get 3 Hour Spa Indulgence for Two Pax (worth $412). Fine Print\nValid till 14 Jun 2015\nLimit 1 Groupon per person\nValid for first time customers, 21 years and above\nValid for Singaporeans, PRs, EP, SP, DP and WP holders\nTop up of $15 required for Couple Room','0000-00-00 00:00:00','0000-00-00 00:00:00','2015-04-14 20:03:00','2015-04-14 20:03:00','active','Hot Deal',0),
	(4,136,'3.5 Hr Spa Indulgence: $42 for Massage + Premium Facial + More at Petit Spa l\'ocitane in City Hall (Worth $420)',420.00,42.00,'Fine Print\nValid till 12 Aug 2015\nLimit 1 Groupon per person\nValid for first time customers, 18 years and above\nValid for Singaporeans, PRs, EP, SP, DP and WP holders\nFor Option 2, male customers to be accompanied by female customers only\n','0000-00-00 00:00:00','0000-00-00 00:00:00','2015-04-14 20:03:00','2015-04-14 20:03:00','active','Hot Deal',0),
	(5,24,'3 Hr Spa Indulgence: $42 for Massage + Body Scrub + Facial at SKiNN Beauty & Body in Ang Mo Kio (Worth $639)',639.00,42.00,'Fine Print\nValid for 4 months from date of purchase\nLimit 1 Groupon per person\nValid for customers 21 years and above\nValid for Singaporeans, PRs, EP, SP and DP holders\nValid first time customers and those who have not visited SKiNN Beauty & Body in the past 6 months\nSessions are non-transferable\nThree Sessions to be completed within 3 months from first visit\nFestive surcharge of $5 applies for appointments on 4-18 Feb 2015\nClosed on PH','0000-00-00 00:00:00','0000-00-00 00:00:00','2015-04-14 20:03:00','2015-04-14 20:03:00','active','Hot Deal',0),
	(6,5,'2.5Hr Spa Indulgence: $42 for Full Body Massage + Facial + Eye & Neck Treatment at BelleCare in Dhoby Ghaut (Worth $188)',188.00,42.00,'Fine Print\nValid till 20 May 2015\nLimit 1 Groupon per person\nValid for female customers, 23 years and above\nValid for Singaporeans, PRs, EP, SP, and WP holders only\nValid for first time customers and those who have not visited BelleCare in the past 12 months\nClosed on PH','0000-00-00 00:00:00','0000-00-00 00:00:00','2015-04-14 20:03:00','2015-04-14 20:03:00','active','Hot Deal',0),
	(7,52,'3.5 Hr Spa Indulgence: $224 for Massage + Premium Facial + More at Petit Spa l\'ocitane in City Hall (Worth $420)',420.00,224.00,'3.5 hr Spa Indulgence includes:\r\r\n60 min Full Body Massage\r\r\n60 min Premium Facial\r\r\n30 min Tummy Detox with Hot Stone\r\r\n30 min Intensive Eye & Neck Treatment with Premium Eye & Neck Mask\r\r\n30 min Clarifying Hydra Back Mask\r\r\nFor 60 min Full Body Massage, choose 1 from 3 types:\r\r\nSwedish\r\r\nAromatherapy\r\r\nRelaxing\r\r\nFor 60 min Premium Facial, choose 1 from 4 types:\r\r\nDiamond Peel\r\r\nCharcoal\r\r\nEnzyme Milk Pigmentation\r\r\nV Shape\r\r\nTummy Detox with Hot Stone clears away unwanted toxins and decreases bloatedness\r\r\nDiminish puffy peepers and saggy skin with an Eye & Neck Treatment with Mask\r\r\nClarifying Hydra Back Mask exfoliates rough skin for supple, radiant skin\r\r\nProfessional aestheticians with industrial certificates\r\r\n10 minute walk from from City Hall MRT station\r\r\n                     \r\r\n                     \r\r\n                     ','0000-00-00 00:00:00','0000-00-00 00:00:00','2015-04-14 20:03:00','2015-04-14 20:03:00','active','Hot Deal',0),
	(8,174,'2Hr Spa Indulgence: $68 for Massage + Premium Facial + More at Enchanted Spa Retreat in Oasia Hotel, Novena (Worth $265)',265.00,68.00,' 2 Hr Premium Spa Indulgence includes:\r\r\n60 min Full Body Massage\r\r\n60 min Premium Facial\r\r\nWelcome Drink and Snack\r\r\nFor 60 min Full Body Massage, choose 1 from 4 types:\r\r\nCustomised Massage - specifically-designed reflexology kneads away kinks according to ones preferred area of focus\r\r\nDeep Tissue Massage - significantly releases tension and stiffness from muscles, tendons, ligaments and joints\r\r\nFusion Massage - infuses traditional massages that improves mobility and flexibility\r\r\nOriental Massage - combines intercontinental body relaxation techniques to result in some much-needed mind-body-soul oneness\r\r\nFor 60 min Premium Facial, choose between 2 types:\r\r\nKerstin Florian Hydrating Facial - restores skins healthy moisture level for a smoother, supple visage\r\r\nKerstin Florian Enzyme Facial - gently peels away old skin to renew cells\r\r\nFacials exclusively use high-quality skincare products from renowned brand, Kerstin Florian\r\r\nHygienic and comforting spa premises within Oasia Hotel\r\r\nCentral location beside Novena MRT                	                     	\r\r\n                     \r\r\n                     ','0000-00-00 00:00:00','0000-00-00 00:00:00','2015-04-14 20:03:00','2015-04-14 20:03:00','active','Hot Deal',0),
	(9,38,'Spa Indulgence: $128 for 90 min Full Body Massage + Back Scrub + More at Chinois Spa, Fort Canning Hotel (Worth $518) ',514.00,128.00,'                     	                     	\r\r\nValid for 3 months from date of purchase\r\r\nUnlimited Groupons per person\r\r\nValid for customers 18 years and above\r\r\nValid for Singaporeans, PRs, EP, SP, DP, and WP holders only          \r\r\n                     ','0000-00-00 00:00:00','0000-00-00 00:00:00','2015-04-14 20:03:00','2015-04-14 20:03:00','active','Service',0),
	(10,47,'2.5 Hr Spa Indulgence: $42 for Massage + Organic Facial + Spa Treat at The Organic Spa in Serangoon (Worth $186)',186.00,42.00,'Valid for first time customers, 21 years and above\r\r\nValid for Singaporeans, PRs, EP, SP, DP and WP holders\r\r\nTop up of $15 required for Couple Room\r\r\n\r\r\nHighlights\r\r\n2.5 Hr Spa Indulgence includes:\r\r\n60 min Massage\r\r\n60 min Signature Organic Facial\r\r\n30 min Spa Treat\r\r\n3 Hr Spa Indulgence includes:\r\r\n60 min Massage\r\r\n60 min Signature Organic Facial\r\r\n30 min Spa Treat\r\r\n30 min Jacuzzi\r\r\nFor 60 min Massage, choose 1 from 4 types:\r\r\nJavanese\r\r\nAromatherapy\r\r\nDeep Tissue\r\r\nTuina\r\r\nFor 60 min Signature Organic Facial, choose 1 from 4 types:\r\r\nAnti-Acne\r\r\nHydrating\r\r\nWhitening\r\r\nRadiance\r\r\nFor 30 min Spa Treat, choose 1 from 4 types:\r\r\nGua Sha\r\r\nHot Stone Therapy\r\r\nJamu Tummy Treatment\r\r\nRelaxing Back Scrub\r\r\nExtensive range of custom-tailored massage services\r\r\nUses certified organic products\r\r\nProfessionally trained and certified therapists to provide personally-suited massage experience\r\r\nRelaxing, homely and rejuvenating environment\r\r\nConvenient location in Serangoon  	                     	\r\r\n                     \r\r\n                     ','0000-00-00 00:00:00','0000-00-00 00:00:00','2015-04-14 20:03:00','2015-04-14 20:03:00','active','Service',0),
	(11,71,'V\'day & CNY 2 Hr Spa Indulgence: $68 for Massage + Foot Reflex + More at Oriental Spa Chamber in Chinatown (Worth $136)',136.00,68.00,'Highlights\r\r\nVday & CNY 2 Hr Spa Indulgence includes:\r\r\nWelcome Wellness Drink\r\r\n10 min Herbal Foot Soak\r\r\n60 min Full Body Massage\r\r\n30 min Relaxing Foot Reflexology Massage\r\r\n20 min Infra Ray Detoxification Sauna\r\r\nFor 60 min Full Body Massage, choose between 2 types:\r\r\nSignature Imperial Full Body Massage (for male customers)\r\r\nRoyal Highness Full Body Massage (for female customers)\r\r\nFor Customised Oil Blend, choose 1 from 4 types:\r\r\nHormones Balance\r\r\nMuscle Relaxing\r\r\nRelaxation\r\r\nDetox Drainage\r\r\nCustomised Oil Blend enhances the effectiveness of the massage to impart an overall sense of well-being and energy\r\r\nHerbal Foot Soak softens the hard areas of the feet while leaving them smelling fragrant\r\r\nSubject mutinous unwanted toxins with an Infra Ray Detoxification Sauna\r\r\nRelaxing Foot Reflexology Massage efficiently tackles common physical discomforts and illnesses\r\r\nExperienced and professional therapists\r\r\nUpgrade option perfect as a treat for couples\r\r\nSubsidiary of Mary Chia\r\r\nLocated near Chinatown MRT','0000-00-00 00:00:00','0000-00-00 00:00:00','2015-04-14 20:03:00','2015-04-14 20:03:00','active','Hot Deal',0),
	(12,114,'$48 for 90 min Safari Signature Spa Treats at Masego The Safari Spa in Jurong (Worth $144). Two Pax Option Available.',144.00,48.00,'90 min Safari Signature Spa Treats includes:\r\r\nWelcome Drink\r\r\nRelaxing Herbal Foot Soak\r\r\n60 min Signature Full Body Massage - Safari Aroma or Jungle Fever Deep Tissue Massage\r\r\n15 min Herbal Heat Compress\r\r\n15 min Relaxing Steam Bath Detoxification\r\r\nHighly skilled masseurs and specialists\r\r\nOnly safari-themed spa in Singapore\r\r\nDesignated childrens play area to keep young ones occupied during sessions\r\r\nGreat for couples, friends and family\r\r\nLocated within Safra Jurong','0000-00-00 00:00:00','0000-00-00 00:00:00','2015-04-14 20:03:00','2015-04-14 20:03:00','active','Hot Deal',0),
	(13,12,'2.5 Hr Spa Indulgence: $42 for Full Body Massage + Facial + More at Castelle De Beaute in Jurong (Worth $288)',288.00,42.00,'Highlights\r\r\n2.5 Hour Spa Indulgence / 2.5 Hr Premium ATACHE Spa Indulgence includes:\r\r\n60 min Full Body Massage\r\r\n90 min Facial / ATACHE Facial\r\r\nRelaxing Eye Treatment\r\r\nNeck Treatment\r\r\nFor 60 min Full Body Massage, choose between 2 types:\r\r\n6 minute walk from Jurong East MRT station\r\r\n                     ','0000-00-00 00:00:00','0000-00-00 00:00:00','2015-04-14 20:03:00','2015-04-14 20:03:00','active','Hot Deal',1),
	(14,80,'$23 for Full Body Massage at Indulge Skin & Body Lab in Buona Vista (Worth $140). Lymphatic Detox Treatment Available.',140.00,23.00,'  Valid for first time female customers, 23 years and above\r\r\nValid for Singaporeans, PRs, EP and SP holders\r\r\nNot valid with other discounts and promotions\r\r\nNot valid for appointments on 1-18 Feb 2015\r\r\nTwo Sessions options to be completed within 3 months from first visit                  	\r\r\n                     ','0000-00-00 00:00:00','0000-00-00 00:00:00','2015-04-14 20:03:00','2015-04-14 20:03:00','active','Service',0),
	(15,28,'3 Hr Spa Indulgence: $42 for Full Body Massage + Facial + Eye & Neck Care at True Beautiee in Clementi (Worth $326)',326.00,42.00,'Fine Print\nValid till 4 Jun 2015\nLimit 1 Groupon per person\nValid for female customers, 21 years and above.\nValid for Singaporeans, PRs, EP, SP and DP holders only\nNot valid for appointments on 18-20 Feb 2015','0000-00-00 00:00:00','0000-00-00 00:00:00','2015-04-14 20:03:00','2015-04-14 20:03:00','active','Hot Deal',0),
	(16,1,'$98 for a 2.5-Hr Maria Galland Paris Spa Package at Le Petit Spa (worth $298) in Tudor Court. More Options Available',298.00,98.00,'Fine Print\nValid till 4 Jun 2015\nLimit 1 Groupon per person\nValid for female customers, 21 years and above.\nValid for Singaporeans, PRs, EP, SP and DP holders only\nNot valid for appointments on 18-20 Feb 2015\n','0000-00-00 00:00:00','0000-00-00 00:00:00','2015-04-14 20:03:00','2015-04-14 20:03:00','active','Hot Deal',0),
	(17,141,'Spa Indulgence: $128 for 90 min Full Body Massage + Back Scrub + More at Chinois Spa, Fort Canning Hotel (Worth $518) ',518.00,128.00,' The deal\n\n$98 for 1 session of Maria Galland Paris spa package (worth $298)\n$180 for 2 sessions of Maria Galland Paris spa package (worth $596)\n2.5-hour package includes\n\n60-min Maria Galland Paris cocoon spa facial with cocoon mask\n60-min full body massage\n30-min Cuccio express manicure or pedicure (choose 1 colour)\nCustomers who visit from Mon  Fri, 11am  5pm get a complimentary foot soak.GENERAL\nValid for 4 months from date of purchase.\nLimit 1 Groupon per person.\nValid for first-time customers aged 18 and above only.\nValid for Singaporeans, PRs, and EP, SP, DP, and WP holders only.\nValid 11am  8pm daily (not including public holidays and the eve of public holidays).','0000-00-00 00:00:00','0000-00-00 00:00:00','2015-04-14 20:03:00','2015-04-14 20:03:00','active','Hot Deal',0),
	(18,178,'2.5 Hr Spa Indulgence: $42 for Massage + Organic Facial + Spa Treat at The Organic Spa in Serangoon (Worth $186)',186.00,42.00,'Todays Groupon\n\nFor $128, you get a 110 minute Spa Indulgence for One Pax (worth $518).\nFor $168, you get a 140 minute Spa Indulgence for One Pax (worth $688).\nFor $268, you get a 140 minute Private Couple Ultimate Spa Indulgence in Private Couple Suite with Private Jacuzzi Therapy for Two Pax (worth $1128). \nValid for 3 months from date of purchase\nUnlimited Groupons per person\nLimit 1 Groupon per person per visit\nValid for customers 18 years and above\nValid for Singaporeans, PRs, EP, SP, DP, and WP holders only','0000-00-00 00:00:00','0000-00-00 00:00:00','2015-04-14 20:03:00','2015-04-14 20:03:00','active','Hot Deal',0),
	(19,61,'3.5 Hr Spa Indulgence: $42 for Massage + Premium Facial + More at Petit Spa l\'ocitane in City Hall (Worth $420)',420.00,42.00,'For $42, you get 2.5 Hour Spa Indulgence for One Pax (worth $186).\nFor $52, you get 3 Hour Spa Indulgence for One Pax (worth $206).\nFor $78, you get 2.5 Hour Spa Indulgence for Two Pax (worth $372).\nFor $98, you get 3 Hour Spa Indulgence for Two Pax (worth $412). Fine Print\nValid till 14 Jun 2015\nLimit 1 Groupon per person\nValid for first time customers, 21 years and above\nValid for Singaporeans, PRs, EP, SP, DP and WP holders\nTop up of $15 required for Couple Room','0000-00-00 00:00:00','0000-00-00 00:00:00','2015-04-14 20:03:00','2015-04-14 20:03:00','active','Hot Deal',0),
	(20,92,'3 Hr Spa Indulgence: $42 for Massage + Body Scrub + Facial at SKiNN Beauty & Body in Ang Mo Kio (Worth $639)',639.00,42.00,'Fine Print\nValid till 12 Aug 2015\nLimit 1 Groupon per person\nValid for first time customers, 18 years and above\nValid for Singaporeans, PRs, EP, SP, DP and WP holders\nFor Option 2, male customers to be accompanied by female customers only\n','0000-00-00 00:00:00','0000-00-00 00:00:00','2015-04-14 20:03:00','2015-04-14 20:03:00','active','Hot Deal',0),
	(21,97,'2.5Hr Spa Indulgence: $42 for Full Body Massage + Facial + Eye & Neck Treatment at BelleCare in Dhoby Ghaut (Worth $188)',188.00,42.00,'Fine Print\nValid for 4 months from date of purchase\nLimit 1 Groupon per person\nValid for customers 21 years and above\nValid for Singaporeans, PRs, EP, SP and DP holders\nValid first time customers and those who have not visited SKiNN Beauty & Body in the past 6 months\nSessions are non-transferable\nThree Sessions to be completed within 3 months from first visit\nFestive surcharge of $5 applies for appointments on 4-18 Feb 2015\nClosed on PH','0000-00-00 00:00:00','0000-00-00 00:00:00','2015-04-14 20:03:00','2015-04-14 20:03:00','active','Hot Deal',0),
	(22,106,'3.5 Hr Spa Indulgence: $224 for Massage + Premium Facial + More at Petit Spa l\'ocitane in City Hall (Worth $420)',420.00,224.00,'Fine Print\nValid till 20 May 2015\nLimit 1 Groupon per person\nValid for female customers, 23 years and above\nValid for Singaporeans, PRs, EP, SP, and WP holders only\nValid for first time customers and those who have not visited BelleCare in the past 12 months\nClosed on PH','0000-00-00 00:00:00','0000-00-00 00:00:00','2015-04-14 20:03:00','2015-04-14 20:03:00','active','Hot Deal',0),
	(23,130,'2Hr Spa Indulgence: $68 for Massage + Premium Facial + More at Enchanted Spa Retreat in Oasia Hotel, Novena (Worth $265)',265.00,68.00,'3.5 hr Spa Indulgence includes:\r\r\n60 min Full Body Massage\r\r\n60 min Premium Facial\r\r\n30 min Tummy Detox with Hot Stone\r\r\n30 min Intensive Eye & Neck Treatment with Premium Eye & Neck Mask\r\r\n30 min Clarifying Hydra Back Mask\r\r\nFor 60 min Full Body Massage, choose 1 from 3 types:\r\r\nSwedish\r\r\nAromatherapy\r\r\nRelaxing\r\r\nFor 60 min Premium Facial, choose 1 from 4 types:\r\r\nDiamond Peel\r\r\nCharcoal\r\r\nEnzyme Milk Pigmentation\r\r\nV Shape\r\r\nTummy Detox with Hot Stone clears away unwanted toxins and decreases bloatedness\r\r\nDiminish puffy peepers and saggy skin with an Eye & Neck Treatment with Mask\r\r\nClarifying Hydra Back Mask exfoliates rough skin for supple, radiant skin\r\r\nProfessional aestheticians with industrial certificates\r\r\n10 minute walk from from City Hall MRT station\r\r\n                     \r\r\n                     \r\r\n                     ','0000-00-00 00:00:00','0000-00-00 00:00:00','2015-04-14 20:03:00','2015-04-14 20:03:00','active','Service',0),
	(24,56,'Spa Indulgence: $128 for 90 min Full Body Massage + Back Scrub + More at Chinois Spa, Fort Canning Hotel (Worth $518) ',514.00,128.00,' 2 Hr Premium Spa Indulgence includes:\r\r\n60 min Full Body Massage\r\r\n60 min Premium Facial\r\r\nWelcome Drink and Snack\r\r\nFor 60 min Full Body Massage, choose 1 from 4 types:\r\r\nCustomised Massage - specifically-designed reflexology kneads away kinks according to ones preferred area of focus\r\r\nDeep Tissue Massage - significantly releases tension and stiffness from muscles, tendons, ligaments and joints\r\r\nFusion Massage - infuses traditional massages that improves mobility and flexibility\r\r\nOriental Massage - combines intercontinental body relaxation techniques to result in some much-needed mind-body-soul oneness\r\r\nFor 60 min Premium Facial, choose between 2 types:\r\r\nKerstin Florian Hydrating Facial - restores skins healthy moisture level for a smoother, supple visage\r\r\nKerstin Florian Enzyme Facial - gently peels away old skin to renew cells\r\r\nFacials exclusively use high-quality skincare products from renowned brand, Kerstin Florian\r\r\nHygienic and comforting spa premises within Oasia Hotel\r\r\nCentral location beside Novena MRT                	                     	\r\r\n                     \r\r\n                     ','0000-00-00 00:00:00','0000-00-00 00:00:00','2015-04-14 20:03:00','2015-04-14 20:03:00','active','Service',0),
	(25,3,'2.5 Hr Spa Indulgence: $42 for Massage + Organic Facial + Spa Treat at The Organic Spa in Serangoon (Worth $186)',186.00,42.00,'                     	                     	\r\r\nValid for 3 months from date of purchase\r\r\nUnlimited Groupons per person\r\r\nValid for customers 18 years and above\r\r\nValid for Singaporeans, PRs, EP, SP, DP, and WP holders only          \r\r\n                     ','0000-00-00 00:00:00','0000-00-00 00:00:00','2015-04-14 20:03:00','2015-04-14 20:03:00','active','Service',0),
	(26,32,'V\'day & CNY 2 Hr Spa Indulgence: $68 for Massage + Foot Reflex + More at Oriental Spa Chamber in Chinatown (Worth $136)',136.00,68.00,'Valid for first time customers, 21 years and above\r\r\nValid for Singaporeans, PRs, EP, SP, DP and WP holders\r\r\nTop up of $15 required for Couple Room\r\r\n\r\r\nHighlights\r\r\n2.5 Hr Spa Indulgence includes:\r\r\n60 min Massage\r\r\n60 min Signature Organic Facial\r\r\n30 min Spa Treat\r\r\n3 Hr Spa Indulgence includes:\r\r\n60 min Massage\r\r\n60 min Signature Organic Facial\r\r\n30 min Spa Treat\r\r\n30 min Jacuzzi\r\r\nFor 60 min Massage, choose 1 from 4 types:\r\r\nJavanese\r\r\nAromatherapy\r\r\nDeep Tissue\r\r\nTuina\r\r\nFor 60 min Signature Organic Facial, choose 1 from 4 types:\r\r\nAnti-Acne\r\r\nHydrating\r\r\nWhitening\r\r\nRadiance\r\r\nFor 30 min Spa Treat, choose 1 from 4 types:\r\r\nGua Sha\r\r\nHot Stone Therapy\r\r\nJamu Tummy Treatment\r\r\nRelaxing Back Scrub\r\r\nExtensive range of custom-tailored massage services\r\r\nUses certified organic products\r\r\nProfessionally trained and certified therapists to provide personally-suited massage experience\r\r\nRelaxing, homely and rejuvenating environment\r\r\nConvenient location in Serangoon  	                     	\r\r\n                     \r\r\n                     ','0000-00-00 00:00:00','0000-00-00 00:00:00','2015-04-14 20:03:00','2015-04-14 20:03:00','active','Service',1),
	(27,88,'$48 for 90 min Safari Signature Spa Treats at Masego The Safari Spa in Jurong (Worth $144). Two Pax Option Available.',144.00,48.00,'Highlights\r\r\nVday & CNY 2 Hr Spa Indulgence includes:\r\r\nWelcome Wellness Drink\r\r\n10 min Herbal Foot Soak\r\r\n60 min Full Body Massage\r\r\n30 min Relaxing Foot Reflexology Massage\r\r\n20 min Infra Ray Detoxification Sauna\r\r\nFor 60 min Full Body Massage, choose between 2 types:\r\r\nSignature Imperial Full Body Massage (for male customers)\r\r\nRoyal Highness Full Body Massage (for female customers)\r\r\nFor Customised Oil Blend, choose 1 from 4 types:\r\r\nHormones Balance\r\r\nMuscle Relaxing\r\r\nRelaxation\r\r\nDetox Drainage\r\r\nCustomised Oil Blend enhances the effectiveness of the massage to impart an overall sense of well-being and energy\r\r\nHerbal Foot Soak softens the hard areas of the feet while leaving them smelling fragrant\r\r\nSubject mutinous unwanted toxins with an Infra Ray Detoxification Sauna\r\r\nRelaxing Foot Reflexology Massage efficiently tackles common physical discomforts and illnesses\r\r\nExperienced and professional therapists\r\r\nUpgrade option perfect as a treat for couples\r\r\nSubsidiary of Mary Chia\r\r\nLocated near Chinatown MRT','0000-00-00 00:00:00','0000-00-00 00:00:00','2015-04-14 20:03:00','2015-04-14 20:03:00','active','Service',0),
	(28,126,'2.5 Hr Spa Indulgence: $42 for Full Body Massage + Facial + More at Castelle De Beaute in Jurong (Worth $288)',288.00,42.00,'90 min Safari Signature Spa Treats includes:\r\r\nWelcome Drink\r\r\nRelaxing Herbal Foot Soak\r\r\n60 min Signature Full Body Massage - Safari Aroma or Jungle Fever Deep Tissue Massage\r\r\n15 min Herbal Heat Compress\r\r\n15 min Relaxing Steam Bath Detoxification\r\r\nHighly skilled masseurs and specialists\r\r\nOnly safari-themed spa in Singapore\r\r\nDesignated childrens play area to keep young ones occupied during sessions\r\r\nGreat for couples, friends and family\r\r\nLocated within Safra Jurong','0000-00-00 00:00:00','0000-00-00 00:00:00','2015-04-14 20:03:00','2015-04-14 20:03:00','active','Service',0),
	(29,31,'$23 for Full Body Massage at Indulge Skin & Body Lab in Buona Vista (Worth $140). Lymphatic Detox Treatment Available.',140.00,23.00,'Highlights\r\r\n2.5 Hour Spa Indulgence / 2.5 Hr Premium ATACHE Spa Indulgence includes:\r\r\n60 min Full Body Massage\r\r\n90 min Facial / ATACHE Facial\r\r\nRelaxing Eye Treatment\r\r\nNeck Treatment\r\r\nFor 60 min Full Body Massage, choose between 2 types:\r\r\n6 minute walk from Jurong East MRT station\r\r\n                     ','0000-00-00 00:00:00','0000-00-00 00:00:00','2015-04-14 20:03:00','2015-04-14 20:03:00','active','Service',0),
	(30,87,'3 Hr Spa Indulgence: $42 for Full Body Massage + Facial + Eye & Neck Care at True Beautiee in Clementi (Worth $326)',298.00,98.00,'  Valid for first time female customers, 23 years and above\r\r\nValid for Singaporeans, PRs, EP and SP holders\r\r\nNot valid with other discounts and promotions\r\r\nNot valid for appointments on 1-18 Feb 2015\r\r\nTwo Sessions options to be completed within 3 months from first visit                  	\r\r\n                     ','0000-00-00 00:00:00','0000-00-00 00:00:00','2015-04-14 20:03:00','2015-04-14 20:03:00','active','Service',0),
	(31,28,'$98 for a 2.5-Hr Maria Galland Paris Spa Package at Le Petit Spa (worth $298) in Tudor Court. More Options Available',518.00,128.00,'Fine Print\nValid till 4 Jun 2015\nLimit 1 Groupon per person\nValid for female customers, 21 years and above.\nValid for Singaporeans, PRs, EP, SP and DP holders only\nNot valid for appointments on 18-20 Feb 2015','0000-00-00 00:00:00','0000-00-00 00:00:00','2015-04-14 20:03:00','2015-04-14 20:03:00','active','Service',1),
	(32,124,'Spa Indulgence: $128 for 90 min Full Body Massage + Back Scrub + More at Chinois Spa, Fort Canning Hotel (Worth $518) ',186.00,42.00,'\n\nFor $128, you get a 110 minute Spa Indulgence for One Pax (worth $518).\nFor $168, you get a 140 minute Spa Indulgence for One Pax (worth $688).\nFor $268, you get a 140 minute Private Couple Ultimate Spa Indulgence in Private Couple Suite with Private Jacuzzi Therapy for Two Pax (worth $1128). \nValid for 3 months from date of purchase\nUnlimited Groupons per person\nLimit 1 Groupon per person per visit\nValid for customers 18 years and above\nValid for Singaporeans, PRs, EP, SP, DP, and WP holders only','0000-00-00 00:00:00','0000-00-00 00:00:00','2015-04-14 20:03:00','2015-04-14 20:03:00','active','Service',0),
	(33,48,'2.5 Hr Spa Indulgence: $42 for Massage + Organic Facial + Spa Treat at The Organic Spa in Serangoon (Worth $186)',420.00,42.00,'For $42, you get 2.5 Hour Spa Indulgence for One Pax (worth $186).\nFor $52, you get 3 Hour Spa Indulgence for One Pax (worth $206).\nFor $78, you get 2.5 Hour Spa Indulgence for Two Pax (worth $372).\nFor $98, you get 3 Hour Spa Indulgence for Two Pax (worth $412). Fine Print\nValid till 14 Jun 2015\nLimit 1 Groupon per person\nValid for first time customers, 21 years and above\nValid for Singaporeans, PRs, EP, SP, DP and WP holders\nTop up of $15 required for Couple Room','0000-00-00 00:00:00','0000-00-00 00:00:00','2015-04-14 20:03:00','2015-04-14 20:03:00','active','Service',0),
	(34,53,'3.5 Hr Spa Indulgence: $42 for Massage + Premium Facial + More at Petit Spa l\'ocitane in City Hall (Worth $420)',639.00,42.00,'Fine Print\nValid till 12 Aug 2015\nLimit 1 Groupon per person\nValid for first time customers, 18 years and above\nValid for Singaporeans, PRs, EP, SP, DP and WP holders\nFor Option 2, male customers to be accompanied by female customers only\n','0000-00-00 00:00:00','0000-00-00 00:00:00','2015-04-14 20:03:00','2015-04-14 20:03:00','active','Service',1),
	(35,178,'3 Hr Spa Indulgence: $42 for Massage + Body Scrub + Facial at SKiNN Beauty & Body in Ang Mo Kio (Worth $639)',188.00,42.00,'Fine Print\nValid for 4 months from date of purchase\nLimit 1 Groupon per person\nValid for customers 21 years and above\nValid for Singaporeans, PRs, EP, SP and DP holders\nValid first time customers and those who have not visited SKiNN Beauty & Body in the past 6 months\nSessions are non-transferable\nThree Sessions to be completed within 3 months from first visit\nFestive surcharge of $5 applies for appointments on 4-18 Feb 2015\nClosed on PH','0000-00-00 00:00:00','0000-00-00 00:00:00','2015-04-14 20:03:00','2015-04-14 20:03:00','active','Service',0),
	(36,158,'2.5Hr Spa Indulgence: $42 for Full Body Massage + Facial + Eye & Neck Treatment at BelleCare in Dhoby Ghaut (Worth $188)',420.00,224.00,'Fine Print\nValid till 20 May 2015\nLimit 1 Groupon per person\nValid for female customers, 23 years and above\nValid for Singaporeans, PRs, EP, SP, and WP holders only\nValid for first time customers and those who have not visited BelleCare in the past 12 months\nClosed on PH','0000-00-00 00:00:00','0000-00-00 00:00:00','2015-04-14 20:03:00','2015-04-14 20:03:00','active','Service',0),
	(37,158,'3.5 Hr Spa Indulgence: $224 for Massage + Premium Facial + More at Petit Spa l\'ocitane in City Hall (Worth $420)',265.00,68.00,'3.5 hr Spa Indulgence includes:\r\r\n60 min Full Body Massage\r\r\n60 min Premium Facial\r\r\n30 min Tummy Detox with Hot Stone\r\r\n30 min Intensive Eye & Neck Treatment with Premium Eye & Neck Mask\r\r\n30 min Clarifying Hydra Back Mask\r\r\nFor 60 min Full Body Massage, choose 1 from 3 types:\r\r\nSwedish\r\r\nAromatherapy\r\r\nRelaxing\r\r\nFor 60 min Premium Facial, choose 1 from 4 types:\r\r\nDiamond Peel\r\r\nCharcoal\r\r\nEnzyme Milk Pigmentation\r\r\nV Shape\r\r\nTummy Detox with Hot Stone clears away unwanted toxins and decreases bloatedness\r\r\nDiminish puffy peepers and saggy skin with an Eye & Neck Treatment with Mask\r\r\nClarifying Hydra Back Mask exfoliates rough skin for supple, radiant skin\r\r\nProfessional aestheticians with industrial certificates\r\r\n10 minute walk from from City Hall MRT station\r\r\n                     \r\r\n                     \r\r\n                     ','0000-00-00 00:00:00','0000-00-00 00:00:00','2015-04-14 20:03:00','2015-04-14 20:03:00','active','Service',0),
	(38,107,'2Hr Spa Indulgence: $68 for Massage + Premium Facial + More at Enchanted Spa Retreat in Oasia Hotel, Novena (Worth $265)',514.00,128.00,' 2 Hr Premium Spa Indulgence includes:\r\r\n60 min Full Body Massage\r\r\n60 min Premium Facial\r\r\nWelcome Drink and Snack\r\r\nFor 60 min Full Body Massage, choose 1 from 4 types:\r\r\nCustomised Massage - specifically-designed reflexology kneads away kinks according to ones preferred area of focus\r\r\nDeep Tissue Massage - significantly releases tension and stiffness from muscles, tendons, ligaments and joints\r\r\nFusion Massage - infuses traditional massages that improves mobility and flexibility\r\r\nOriental Massage - combines intercontinental body relaxation techniques to result in some much-needed mind-body-soul oneness\r\r\nFor 60 min Premium Facial, choose between 2 types:\r\r\nKerstin Florian Hydrating Facial - restores skins healthy moisture level for a smoother, supple visage\r\r\nKerstin Florian Enzyme Facial - gently peels away old skin to renew cells\r\r\nFacials exclusively use high-quality skincare products from renowned brand, Kerstin Florian\r\r\nHygienic and comforting spa premises within Oasia Hotel\r\r\nCentral location beside Novena MRT                	                     	\r\r\n                     \r\r\n                     ','0000-00-00 00:00:00','0000-00-00 00:00:00','2015-04-14 20:03:00','2015-04-14 20:03:00','active','Hot Deal',0),
	(39,105,'Spa Indulgence: $128 for 90 min Full Body Massage + Back Scrub + More at Chinois Spa, Fort Canning Hotel (Worth $518) ',186.00,42.00,'                     	                     	\r\r\nValid for 3 months from date of purchase\r\r\nUnlimited Groupons per person\r\r\nValid for customers 18 years and above\r\r\nValid for Singaporeans, PRs, EP, SP, DP, and WP holders only          \r\r\n                     ','0000-00-00 00:00:00','0000-00-00 00:00:00','2015-04-14 20:03:00','2015-04-14 20:03:00','active','Hot Deal',0),
	(40,172,'2.5 Hr Spa Indulgence: $42 for Massage + Organic Facial + Spa Treat at The Organic Spa in Serangoon (Worth $186)',136.00,68.00,'Valid for first time customers, 21 years and above\r\r\nValid for Singaporeans, PRs, EP, SP, DP and WP holders\r\r\nTop up of $15 required for Couple Room\r\r\n\r\r\nHighlights\r\r\n2.5 Hr Spa Indulgence includes:\r\r\n60 min Massage\r\r\n60 min Signature Organic Facial\r\r\n30 min Spa Treat\r\r\n3 Hr Spa Indulgence includes:\r\r\n60 min Massage\r\r\n60 min Signature Organic Facial\r\r\n30 min Spa Treat\r\r\n30 min Jacuzzi\r\r\nFor 60 min Massage, choose 1 from 4 types:\r\r\nJavanese\r\r\nAromatherapy\r\r\nDeep Tissue\r\r\nTuina\r\r\nFor 60 min Signature Organic Facial, choose 1 from 4 types:\r\r\nAnti-Acne\r\r\nHydrating\r\r\nWhitening\r\r\nRadiance\r\r\nFor 30 min Spa Treat, choose 1 from 4 types:\r\r\nGua Sha\r\r\nHot Stone Therapy\r\r\nJamu Tummy Treatment\r\r\nRelaxing Back Scrub\r\r\nExtensive range of custom-tailored massage services\r\r\nUses certified organic products\r\r\nProfessionally trained and certified therapists to provide personally-suited massage experience\r\r\nRelaxing, homely and rejuvenating environment\r\r\nConvenient location in Serangoon  	                     	\r\r\n                     \r\r\n                     ','0000-00-00 00:00:00','0000-00-00 00:00:00','2015-04-14 20:03:00','2015-04-14 20:03:00','active','Hot Deal',0),
	(41,98,'V\'day & CNY 2 Hr Spa Indulgence: $68 for Massage + Foot Reflex + More at Oriental Spa Chamber in Chinatown (Worth $136)',144.00,48.00,'Highlights\r\r\nVday & CNY 2 Hr Spa Indulgence includes:\r\r\nWelcome Wellness Drink\r\r\n10 min Herbal Foot Soak\r\r\n60 min Full Body Massage\r\r\n30 min Relaxing Foot Reflexology Massage\r\r\n20 min Infra Ray Detoxification Sauna\r\r\nFor 60 min Full Body Massage, choose between 2 types:\r\r\nSignature Imperial Full Body Massage (for male customers)\r\r\nRoyal Highness Full Body Massage (for female customers)\r\r\nFor Customised Oil Blend, choose 1 from 4 types:\r\r\nHormones Balance\r\r\nMuscle Relaxing\r\r\nRelaxation\r\r\nDetox Drainage\r\r\nCustomised Oil Blend enhances the effectiveness of the massage to impart an overall sense of well-being and energy\r\r\nHerbal Foot Soak softens the hard areas of the feet while leaving them smelling fragrant\r\r\nSubject mutinous unwanted toxins with an Infra Ray Detoxification Sauna\r\r\nRelaxing Foot Reflexology Massage efficiently tackles common physical discomforts and illnesses\r\r\nExperienced and professional therapists\r\r\nUpgrade option perfect as a treat for couples\r\r\nSubsidiary of Mary Chia\r\r\nLocated near Chinatown MRT','0000-00-00 00:00:00','0000-00-00 00:00:00','2015-04-14 20:03:00','2015-04-14 20:03:00','active','Hot Deal',0),
	(42,180,'$48 for 90 min Safari Signature Spa Treats at Masego The Safari Spa in Jurong (Worth $144). Two Pax Option Available.',288.00,42.00,'90 min Safari Signature Spa Treats includes:\r\r\nWelcome Drink\r\r\nRelaxing Herbal Foot Soak\r\r\n60 min Signature Full Body Massage - Safari Aroma or Jungle Fever Deep Tissue Massage\r\r\n15 min Herbal Heat Compress\r\r\n15 min Relaxing Steam Bath Detoxification\r\r\nHighly skilled masseurs and specialists\r\r\nOnly safari-themed spa in Singapore\r\r\nDesignated childrens play area to keep young ones occupied during sessions\r\r\nGreat for couples, friends and family\r\r\nLocated within Safra Jurong','0000-00-00 00:00:00','0000-00-00 00:00:00','2015-04-14 20:03:00','2015-04-14 20:03:00','active','Hot Deal',0),
	(43,75,'2.5 Hr Spa Indulgence: $42 for Full Body Massage + Facial + More at Castelle De Beaute in Jurong (Worth $288)',140.00,23.00,'Highlights\r\r\n2.5 Hour Spa Indulgence / 2.5 Hr Premium ATACHE Spa Indulgence includes:\r\r\n60 min Full Body Massage\r\r\n90 min Facial / ATACHE Facial\r\r\nRelaxing Eye Treatment\r\r\nNeck Treatment\r\r\nFor 60 min Full Body Massage, choose between 2 types:\r\r\n6 minute walk from Jurong East MRT station\r\r\n                     ','0000-00-00 00:00:00','0000-00-00 00:00:00','2015-04-14 20:03:00','2015-04-14 20:03:00','active','Hot Deal',0),
	(44,67,'$23 for Full Body Massage at Indulge Skin & Body Lab in Buona Vista (Worth $140). Lymphatic Detox Treatment Available.',326.00,42.00,'  Valid for first time female customers, 23 years and above\r\r\nValid for Singaporeans, PRs, EP and SP holders\r\r\nNot valid with other discounts and promotions\r\r\nNot valid for appointments on 1-18 Feb 2015\r\r\nTwo Sessions options to be completed within 3 months from first visit                  	\r\r\n                     ','0000-00-00 00:00:00','0000-00-00 00:00:00','2015-04-14 20:03:00','2015-04-14 20:03:00','active','Hot Deal',0),
	(45,143,'3 Hr Spa Indulgence: $42 for Full Body Massage + Facial + Eye & Neck Care at True Beautiee in Clementi (Worth $326)',298.00,98.00,'Fine Print\nValid till 4 Jun 2015\nLimit 1 Groupon per person\nValid for female customers, 21 years and above.\nValid for Singaporeans, PRs, EP, SP and DP holders only\nNot valid for appointments on 18-20 Feb 2015','0000-00-00 00:00:00','0000-00-00 00:00:00','2015-04-14 20:03:00','2015-04-14 20:03:00','active','Hot Deal',0),
	(46,90,'$98 for a 2.5-Hr Maria Galland Paris Spa Package at Le Petit Spa (worth $298) in Tudor Court. More Options Available',518.00,128.00,'Fine Print\nValid till 4 Jun 2015\nLimit 1 Groupon per person\nValid for female customers, 21 years and above.\nValid for Singaporeans, PRs, EP, SP and DP holders only\nNot valid for appointments on 18-20 Feb 2015\n','0000-00-00 00:00:00','0000-00-00 00:00:00','2015-04-14 20:03:00','2015-04-14 20:03:00','active','Service',0),
	(47,90,'Spa Indulgence: $128 for 90 min Full Body Massage + Back Scrub + More at Chinois Spa, Fort Canning Hotel (Worth $518) ',186.00,42.00,' The deal\n\n$98 for 1 session of Maria Galland Paris spa package (worth $298)\n$180 for 2 sessions of Maria Galland Paris spa package (worth $596)\n2.5-hour package includes\n\n60-min Maria Galland Paris cocoon spa facial with cocoon mask\n60-min full body massage\n30-min Cuccio express manicure or pedicure (choose 1 colour)\nCustomers who visit from Mon  Fri, 11am  5pm get a complimentary foot soak.GENERAL\nValid for 4 months from date of purchase.\nLimit 1 Groupon per person.\nValid for first-time customers aged 18 and above only.\nValid for Singaporeans, PRs, and EP, SP, DP, and WP holders only.\nValid 11am  8pm daily (not including public holidays and the eve of public holidays).','0000-00-00 00:00:00','0000-00-00 00:00:00','2015-04-14 20:03:00','2015-04-14 20:03:00','active','Service',0),
	(48,5,'2.5 Hr Spa Indulgence: $42 for Massage + Organic Facial + Spa Treat at The Organic Spa in Serangoon (Worth $186)',420.00,42.00,'Todays Groupon\n\nFor $128, you get a 110 minute Spa Indulgence for One Pax (worth $518).\nFor $168, you get a 140 minute Spa Indulgence for One Pax (worth $688).\nFor $268, you get a 140 minute Private Couple Ultimate Spa Indulgence in Private Couple Suite with Private Jacuzzi Therapy for Two Pax (worth $1128). \nValid for 3 months from date of purchase\nUnlimited Groupons per person\nLimit 1 Groupon per person per visit\nValid for customers 18 years and above\nValid for Singaporeans, PRs, EP, SP, DP, and WP holders only','0000-00-00 00:00:00','0000-00-00 00:00:00','2015-04-14 20:03:00','2015-04-14 20:03:00','active','Service',0),
	(49,87,'3.5 Hr Spa Indulgence: $42 for Massage + Premium Facial + More at Petit Spa l\'ocitane in City Hall (Worth $420)',639.00,42.00,'For $42, you get 2.5 Hour Spa Indulgence for One Pax (worth $186).\nFor $52, you get 3 Hour Spa Indulgence for One Pax (worth $206).\nFor $78, you get 2.5 Hour Spa Indulgence for Two Pax (worth $372).\nFor $98, you get 3 Hour Spa Indulgence for Two Pax (worth $412). Fine Print\nValid till 14 Jun 2015\nLimit 1 Groupon per person\nValid for first time customers, 21 years and above\nValid for Singaporeans, PRs, EP, SP, DP and WP holders\nTop up of $15 required for Couple Room','0000-00-00 00:00:00','0000-00-00 00:00:00','2015-04-14 20:03:00','2015-04-14 20:03:00','active','Service',0),
	(50,159,'3 Hr Spa Indulgence: $42 for Massage + Body Scrub + Facial at SKiNN Beauty & Body in Ang Mo Kio (Worth $639)',188.00,42.00,'Fine Print\nValid till 12 Aug 2015\nLimit 1 Groupon per person\nValid for first time customers, 18 years and above\nValid for Singaporeans, PRs, EP, SP, DP and WP holders\nFor Option 2, male customers to be accompanied by female customers only\n','0000-00-00 00:00:00','0000-00-00 00:00:00','2015-04-14 20:03:00','2015-04-14 20:03:00','active','Service',0),
	(51,81,'2.5Hr Spa Indulgence: $42 for Full Body Massage + Facial + Eye & Neck Treatment at BelleCare in Dhoby Ghaut (Worth $188)',420.00,224.00,'Fine Print\nValid for 4 months from date of purchase\nLimit 1 Groupon per person\nValid for customers 21 years and above\nValid for Singaporeans, PRs, EP, SP and DP holders\nValid first time customers and those who have not visited SKiNN Beauty & Body in the past 6 months\nSessions are non-transferable\nThree Sessions to be completed within 3 months from first visit\nFestive surcharge of $5 applies for appointments on 4-18 Feb 2015\nClosed on PH','0000-00-00 00:00:00','0000-00-00 00:00:00','2015-04-14 20:03:00','2015-04-14 20:03:00','active','Service',0),
	(52,8,'3.5 Hr Spa Indulgence: $224 for Massage + Premium Facial + More at Petit Spa l\'ocitane in City Hall (Worth $420)',265.00,68.00,'Fine Print\nValid till 20 May 2015\nLimit 1 Groupon per person\nValid for female customers, 23 years and above\nValid for Singaporeans, PRs, EP, SP, and WP holders only\nValid for first time customers and those who have not visited BelleCare in the past 12 months\nClosed on PH','0000-00-00 00:00:00','0000-00-00 00:00:00','2015-04-14 20:03:00','2015-04-14 20:03:00','active','Service',0),
	(53,63,'2Hr Spa Indulgence: $68 for Massage + Premium Facial + More at Enchanted Spa Retreat in Oasia Hotel, Novena (Worth $265)',514.00,128.00,'3.5 hr Spa Indulgence includes:\r\r\n60 min Full Body Massage\r\r\n60 min Premium Facial\r\r\n30 min Tummy Detox with Hot Stone\r\r\n30 min Intensive Eye & Neck Treatment with Premium Eye & Neck Mask\r\r\n30 min Clarifying Hydra Back Mask\r\r\nFor 60 min Full Body Massage, choose 1 from 3 types:\r\r\nSwedish\r\r\nAromatherapy\r\r\nRelaxing\r\r\nFor 60 min Premium Facial, choose 1 from 4 types:\r\r\nDiamond Peel\r\r\nCharcoal\r\r\nEnzyme Milk Pigmentation\r\r\nV Shape\r\r\nTummy Detox with Hot Stone clears away unwanted toxins and decreases bloatedness\r\r\nDiminish puffy peepers and saggy skin with an Eye & Neck Treatment with Mask\r\r\nClarifying Hydra Back Mask exfoliates rough skin for supple, radiant skin\r\r\nProfessional aestheticians with industrial certificates\r\r\n10 minute walk from from City Hall MRT station\r\r\n                     \r\r\n                     \r\r\n                     ','0000-00-00 00:00:00','0000-00-00 00:00:00','2015-04-14 20:03:00','2015-04-14 20:03:00','active','Service',1),
	(54,93,'Spa Indulgence: $128 for 90 min Full Body Massage + Back Scrub + More at Chinois Spa, Fort Canning Hotel (Worth $518) ',186.00,42.00,' 2 Hr Premium Spa Indulgence includes:\r\r\n60 min Full Body Massage\r\r\n60 min Premium Facial\r\r\nWelcome Drink and Snack\r\r\nFor 60 min Full Body Massage, choose 1 from 4 types:\r\r\nCustomised Massage - specifically-designed reflexology kneads away kinks according to ones preferred area of focus\r\r\nDeep Tissue Massage - significantly releases tension and stiffness from muscles, tendons, ligaments and joints\r\r\nFusion Massage - infuses traditional massages that improves mobility and flexibility\r\r\nOriental Massage - combines intercontinental body relaxation techniques to result in some much-needed mind-body-soul oneness\r\r\nFor 60 min Premium Facial, choose between 2 types:\r\r\nKerstin Florian Hydrating Facial - restores skins healthy moisture level for a smoother, supple visage\r\r\nKerstin Florian Enzyme Facial - gently peels away old skin to renew cells\r\r\nFacials exclusively use high-quality skincare products from renowned brand, Kerstin Florian\r\r\nHygienic and comforting spa premises within Oasia Hotel\r\r\nCentral location beside Novena MRT                	                     	\r\r\n                     \r\r\n                     ','0000-00-00 00:00:00','0000-00-00 00:00:00','2015-04-14 20:03:00','2015-04-14 20:03:00','active','Service',0),
	(55,31,'2.5 Hr Spa Indulgence: $42 for Massage + Organic Facial + Spa Treat at The Organic Spa in Serangoon (Worth $186)',136.00,68.00,'                     	                     	\r\r\nValid for 3 months from date of purchase\r\r\nUnlimited Groupons per person\r\r\nValid for customers 18 years and above\r\r\nValid for Singaporeans, PRs, EP, SP, DP, and WP holders only          \r\r\n                     ','0000-00-00 00:00:00','0000-00-00 00:00:00','2015-04-14 20:03:00','2015-04-14 20:03:00','active','Hot Deal',0),
	(56,92,'V\'day & CNY 2 Hr Spa Indulgence: $68 for Massage + Foot Reflex + More at Oriental Spa Chamber in Chinatown (Worth $136)',144.00,48.00,'Valid for first time customers, 21 years and above\r\r\nValid for Singaporeans, PRs, EP, SP, DP and WP holders\r\r\nTop up of $15 required for Couple Room\r\r\n\r\r\nHighlights\r\r\n2.5 Hr Spa Indulgence includes:\r\r\n60 min Massage\r\r\n60 min Signature Organic Facial\r\r\n30 min Spa Treat\r\r\n3 Hr Spa Indulgence includes:\r\r\n60 min Massage\r\r\n60 min Signature Organic Facial\r\r\n30 min Spa Treat\r\r\n30 min Jacuzzi\r\r\nFor 60 min Massage, choose 1 from 4 types:\r\r\nJavanese\r\r\nAromatherapy\r\r\nDeep Tissue\r\r\nTuina\r\r\nFor 60 min Signature Organic Facial, choose 1 from 4 types:\r\r\nAnti-Acne\r\r\nHydrating\r\r\nWhitening\r\r\nRadiance\r\r\nFor 30 min Spa Treat, choose 1 from 4 types:\r\r\nGua Sha\r\r\nHot Stone Therapy\r\r\nJamu Tummy Treatment\r\r\nRelaxing Back Scrub\r\r\nExtensive range of custom-tailored massage services\r\r\nUses certified organic products\r\r\nProfessionally trained and certified therapists to provide personally-suited massage experience\r\r\nRelaxing, homely and rejuvenating environment\r\r\nConvenient location in Serangoon  	                     	\r\r\n                     \r\r\n                     ','0000-00-00 00:00:00','0000-00-00 00:00:00','2015-04-14 20:03:00','2015-04-14 20:03:00','active','Hot Deal',0),
	(57,162,'$48 for 90 min Safari Signature Spa Treats at Masego The Safari Spa in Jurong (Worth $144). Two Pax Option Available.',288.00,42.00,'Highlights\r\r\nVday & CNY 2 Hr Spa Indulgence includes:\r\r\nWelcome Wellness Drink\r\r\n10 min Herbal Foot Soak\r\r\n60 min Full Body Massage\r\r\n30 min Relaxing Foot Reflexology Massage\r\r\n20 min Infra Ray Detoxification Sauna\r\r\nFor 60 min Full Body Massage, choose between 2 types:\r\r\nSignature Imperial Full Body Massage (for male customers)\r\r\nRoyal Highness Full Body Massage (for female customers)\r\r\nFor Customised Oil Blend, choose 1 from 4 types:\r\r\nHormones Balance\r\r\nMuscle Relaxing\r\r\nRelaxation\r\r\nDetox Drainage\r\r\nCustomised Oil Blend enhances the effectiveness of the massage to impart an overall sense of well-being and energy\r\r\nHerbal Foot Soak softens the hard areas of the feet while leaving them smelling fragrant\r\r\nSubject mutinous unwanted toxins with an Infra Ray Detoxification Sauna\r\r\nRelaxing Foot Reflexology Massage efficiently tackles common physical discomforts and illnesses\r\r\nExperienced and professional therapists\r\r\nUpgrade option perfect as a treat for couples\r\r\nSubsidiary of Mary Chia\r\r\nLocated near Chinatown MRT','0000-00-00 00:00:00','0000-00-00 00:00:00','2015-04-14 20:03:00','2015-04-14 20:03:00','active','Hot Deal',0),
	(58,71,'2.5 Hr Spa Indulgence: $42 for Full Body Massage + Facial + More at Castelle De Beaute in Jurong (Worth $288)',140.00,23.00,'90 min Safari Signature Spa Treats includes:\r\r\nWelcome Drink\r\r\nRelaxing Herbal Foot Soak\r\r\n60 min Signature Full Body Massage - Safari Aroma or Jungle Fever Deep Tissue Massage\r\r\n15 min Herbal Heat Compress\r\r\n15 min Relaxing Steam Bath Detoxification\r\r\nHighly skilled masseurs and specialists\r\r\nOnly safari-themed spa in Singapore\r\r\nDesignated childrens play area to keep young ones occupied during sessions\r\r\nGreat for couples, friends and family\r\r\nLocated within Safra Jurong','0000-00-00 00:00:00','0000-00-00 00:00:00','2015-04-14 20:03:00','2015-04-14 20:03:00','active','Hot Deal',0),
	(59,42,'$23 for Full Body Massage at Indulge Skin & Body Lab in Buona Vista (Worth $140). Lymphatic Detox Treatment Available.',326.00,42.00,'Highlights\r\r\n2.5 Hour Spa Indulgence / 2.5 Hr Premium ATACHE Spa Indulgence includes:\r\r\n60 min Full Body Massage\r\r\n90 min Facial / ATACHE Facial\r\r\nRelaxing Eye Treatment\r\r\nNeck Treatment\r\r\nFor 60 min Full Body Massage, choose between 2 types:\r\r\n6 minute walk from Jurong East MRT station\r\r\n                     ','0000-00-00 00:00:00','0000-00-00 00:00:00','2015-04-14 20:03:00','2015-04-14 20:03:00','active','Hot Deal',0),
	(60,160,'3 Hr Spa Indulgence: $42 for Full Body Massage + Facial + Eye & Neck Care at True Beautiee in Clementi (Worth $326)',326.00,42.00,'  Valid for first time female customers, 23 years and above\r\r\nValid for Singaporeans, PRs, EP and SP holders\r\r\nNot valid with other discounts and promotions\r\r\nNot valid for appointments on 1-18 Feb 2015\r\r\nTwo Sessions options to be completed within 3 months from first visit                  	\r\r\n                     ','0000-00-00 00:00:00','0000-00-00 00:00:00','2015-04-14 20:03:00','2015-04-14 20:03:00','active','Hot Deal',0);

/*!40000 ALTER TABLE `deals` ENABLE KEYS */;
UNLOCK TABLES;


# Dump of table feedbacks
# ------------------------------------------------------------

DROP TABLE IF EXISTS `feedbacks`;

CREATE TABLE `feedbacks` (
  `id` int(10) unsigned NOT NULL AUTO_INCREMENT,
  `deal_id` int(10) unsigned NOT NULL,
  `consumer_id` int(10) unsigned NOT NULL,
  `feed_back` longtext COLLATE utf8_unicode_ci NOT NULL,
  `rate` decimal(10,2) DEFAULT NULL,
  `created_at` timestamp NULL DEFAULT '2015-02-26 02:23:00',
  `updated_at` timestamp NULL DEFAULT '2015-02-26 02:23:00',
  PRIMARY KEY (`id`),
  KEY `fk_feedback_deal_id` (`deal_id`),
  KEY `fk_feedback_consumer_id` (`consumer_id`),
  CONSTRAINT `fk_feedback_deal_id` FOREIGN KEY (`deal_id`) REFERENCES `deals` (`id`) ON DELETE NO ACTION ON UPDATE NO ACTION,
  CONSTRAINT `fk_feedback_consumer_id` FOREIGN KEY (`consumer_id`) REFERENCES `users` (`id`) ON DELETE NO ACTION ON UPDATE NO ACTION
) ENGINE=InnoDB DEFAULT CHARSET=utf8 COLLATE=utf8_unicode_ci;



# Dump of table images
# ------------------------------------------------------------

DROP TABLE IF EXISTS `images`;

CREATE TABLE `images` (
  `id` int(11) unsigned NOT NULL AUTO_INCREMENT,
  `ref_id` int(11) unsigned DEFAULT NULL,
  `image_path` varchar(255) COLLATE utf8_unicode_ci NOT NULL DEFAULT '',
  `thumbnail_path` varchar(255) COLLATE utf8_unicode_ci DEFAULT NULL,
  `image_type` varchar(20) COLLATE utf8_unicode_ci DEFAULT NULL,
  `created_at` timestamp NOT NULL DEFAULT '2015-02-26 02:23:00',
  `updated_at` timestamp NOT NULL DEFAULT '2015-02-26 02:23:00',
  `big_path` varchar(255) COLLATE utf8_unicode_ci NOT NULL,
  PRIMARY KEY (`id`)
) ENGINE=InnoDB DEFAULT CHARSET=utf8 COLLATE=utf8_unicode_ci;

LOCK TABLES `images` WRITE;
/*!40000 ALTER TABLE `images` DISABLE KEYS */;

INSERT INTO `images` (`id`, `ref_id`, `image_path`, `thumbnail_path`, `image_type`, `created_at`, `updated_at`, `big_path`)
VALUES
	(1,1,'upload/normal/uifl36gffbcwzososn5g.jpg','upload/thumbnail/uifl36gffbcwzososn5g.jpg','outlet','2015-03-22 04:32:49','2015-03-22 04:32:49','upload/big/uifl36gffbcwzososn5g.jpg'),
	(2,2,'upload/normal/o3lc3elg5xkzphl9u9ci.jpg','upload/thumbnail/o3lc3elg5xkzphl9u9ci.jpg','outlet','2015-03-22 04:32:49','2015-03-22 04:32:49','upload/big/o3lc3elg5xkzphl9u9ci.jpg'),
	(3,3,'upload/normal/06fevcutwtrgx23nofrw.jpg','upload/thumbnail/06fevcutwtrgx23nofrw.jpg','outlet','2015-03-22 04:32:49','2015-03-22 04:32:49','upload/big/06fevcutwtrgx23nofrw.jpg'),
	(4,4,'upload/normal/xqs0ipzvr1kzg4ruhkuk.jpg','upload/thumbnail/xqs0ipzvr1kzg4ruhkuk.jpg','outlet','2015-03-22 04:32:49','2015-03-22 04:32:49','upload/big/xqs0ipzvr1kzg4ruhkuk.jpg'),
	(5,5,'upload/normal/5rxvuhbenrvmdgjy3h5i.jpg','upload/thumbnail/5rxvuhbenrvmdgjy3h5i.jpg','outlet','2015-03-22 04:32:49','2015-03-22 04:32:49','upload/big/5rxvuhbenrvmdgjy3h5i.jpg'),
	(6,6,'upload/normal/bpe2hhrglhulvlwcgjkc.jpg','upload/thumbnail/bpe2hhrglhulvlwcgjkc.jpg','outlet','2015-03-22 04:32:50','2015-03-22 04:32:50','upload/big/bpe2hhrglhulvlwcgjkc.jpg'),
	(7,7,'upload/normal/dseemkkinh7nrfwql54w.jpg','upload/thumbnail/dseemkkinh7nrfwql54w.jpg','outlet','2015-03-22 04:32:50','2015-03-22 04:32:50','upload/big/dseemkkinh7nrfwql54w.jpg'),
	(8,8,'upload/normal/3qp6lnrxnbfw90pnelw0.jpg','upload/thumbnail/3qp6lnrxnbfw90pnelw0.jpg','outlet','2015-03-22 04:32:51','2015-03-22 04:32:51','upload/big/3qp6lnrxnbfw90pnelw0.jpg'),
	(9,9,'upload/normal/ag2c9mbvanouhpmcxyc0.jpg','upload/thumbnail/ag2c9mbvanouhpmcxyc0.jpg','outlet','2015-03-22 04:32:51','2015-03-22 04:32:51','upload/big/ag2c9mbvanouhpmcxyc0.jpg'),
	(10,10,'upload/normal/dfekdto8oxoveemx2s76.jpg','upload/thumbnail/dfekdto8oxoveemx2s76.jpg','outlet','2015-03-22 04:32:51','2015-03-22 04:32:51','upload/big/dfekdto8oxoveemx2s76.jpg'),
	(11,3,'upload/normal/utqscypstsfd2ztsejmi.jpg','upload/thumbnail/utqscypstsfd2ztsejmi.jpg','outlet','2015-03-22 04:32:51','2015-03-22 04:32:51','upload/big/utqscypstsfd2ztsejmi.jpg'),
	(12,2,'upload/normal/3bt6z1gx9qf3guq1jphb.jpg','upload/thumbnail/3bt6z1gx9qf3guq1jphb.jpg','outlet','2015-03-22 04:32:51','2015-03-22 04:32:51','upload/big/3bt6z1gx9qf3guq1jphb.jpg'),
	(13,1,'upload/normal/tkqblgdvlcuxn6x43ite.jpg','upload/thumbnail/tkqblgdvlcuxn6x43ite.jpg','outlet','2015-03-22 04:32:51','2015-03-22 04:32:51','upload/big/tkqblgdvlcuxn6x43ite.jpg'),
	(14,177,'upload/normal/jwkbspshozswzwcuwhrn.jpg','upload/thumbnail/jwkbspshozswzwcuwhrn.jpg','service','2015-03-22 08:20:49','2015-03-22 08:20:49','upload/big/jwkbspshozswzwcuwhrn.jpg'),
	(15,178,'upload/normal/4t09dyvjfkfxgz9yb5f4.jpg','upload/thumbnail/4t09dyvjfkfxgz9yb5f4.jpg','service','2015-03-22 08:20:49','2015-03-22 08:20:49','upload/big/4t09dyvjfkfxgz9yb5f4.jpg'),
	(16,179,'upload/normal/dmwygqajmse8p1zqnc0e.jpg','upload/thumbnail/dmwygqajmse8p1zqnc0e.jpg','service','2015-03-22 08:20:49','2015-03-22 08:20:49','upload/big/dmwygqajmse8p1zqnc0e.jpg'),
	(17,180,'upload/normal/bn4hp7lqqzd9hs79eo6b.jpg','upload/thumbnail/bn4hp7lqqzd9hs79eo6b.jpg','service','2015-03-22 08:20:49','2015-03-22 08:20:49','upload/big/bn4hp7lqqzd9hs79eo6b.jpg'),
	(18,10,'upload/normal/sqzh5x99riereo7givaf.jpg','upload/thumbnail/sqzh5x99riereo7givaf.jpg','service','2015-03-22 08:21:15','2015-03-22 08:21:15','upload/big/sqzh5x99riereo7givaf.jpg'),
	(19,11,'upload/normal/uuspbjp7vcqvsodznbus.jpg','upload/thumbnail/uuspbjp7vcqvsodznbus.jpg','service','2015-03-22 08:21:15','2015-03-22 08:21:15','upload/big/uuspbjp7vcqvsodznbus.jpg'),
	(20,12,'upload/normal/dilsurrgarwj4q8z5dzw.jpg','upload/thumbnail/dilsurrgarwj4q8z5dzw.jpg','service','2015-03-22 08:21:15','2015-03-22 08:21:15','upload/big/dilsurrgarwj4q8z5dzw.jpg'),
	(21,13,'upload/normal/iu3l4iaqfzzlfwhgsul2.jpg','upload/thumbnail/iu3l4iaqfzzlfwhgsul2.jpg','service','2015-03-22 08:21:15','2015-03-22 08:21:15','upload/big/iu3l4iaqfzzlfwhgsul2.jpg'),
	(22,14,'upload/normal/ojcoplvstugnb9zm3mwo.jpg','upload/thumbnail/ojcoplvstugnb9zm3mwo.jpg','service','2015-03-22 08:24:49','2015-03-22 08:24:49','upload/big/ojcoplvstugnb9zm3mwo.jpg'),
	(23,1,'upload/normal/bznqctajy8dgouvxcwj7.jpg','upload/thumbnail/bznqctajy8dgouvxcwj7.jpg','service','2015-03-22 08:24:49','2015-03-22 08:24:49','upload/big/bznqctajy8dgouvxcwj7.jpg'),
	(24,19,'upload/normal/8tijssdgwtoo3hhyvkqp.jpg','upload/thumbnail/8tijssdgwtoo3hhyvkqp.jpg','service','2015-03-22 08:24:49','2015-03-22 08:24:49','upload/big/8tijssdgwtoo3hhyvkqp.jpg'),
	(25,15,'upload/normal/blqjsbrcxplxiewndvqe.jpg','upload/thumbnail/blqjsbrcxplxiewndvqe.jpg','service','2015-03-22 08:24:49','2015-03-22 08:24:49','upload/big/blqjsbrcxplxiewndvqe.jpg'),
	(26,19,'upload/normal/3a1irsnt8nh8ipkloeg8.jpg','upload/thumbnail/3a1irsnt8nh8ipkloeg8.jpg','service','2015-03-22 08:25:20','2015-03-22 08:25:20','upload/big/3a1irsnt8nh8ipkloeg8.jpg'),
	(27,19,'upload/normal/gwux1fvdada7emq4slsl.jpg','upload/thumbnail/gwux1fvdada7emq4slsl.jpg','service','2015-03-22 08:25:33','2015-03-22 08:25:33','upload/big/gwux1fvdada7emq4slsl.jpg'),
	(28,19,'upload/normal/zcqck8gi3upxrpcyrurc.jpg','upload/thumbnail/zcqck8gi3upxrpcyrurc.jpg','service','2015-03-22 08:25:33','2015-03-22 08:25:33','upload/big/zcqck8gi3upxrpcyrurc.jpg'),
	(29,19,'upload/normal/st06udo5ybafqljlg7t3.jpg','upload/thumbnail/st06udo5ybafqljlg7t3.jpg','service','2015-03-22 08:25:33','2015-03-22 08:25:33','upload/big/st06udo5ybafqljlg7t3.jpg'),
	(30,21,'upload/normal/rxda38e9fkhx2ch92edj.jpg','upload/thumbnail/rxda38e9fkhx2ch92edj.jpg','service','2015-03-22 08:25:57','2015-03-22 08:25:57','upload/big/rxda38e9fkhx2ch92edj.jpg'),
	(31,21,'upload/normal/jjrtgbjo3jfej5gj46cu.jpg','upload/thumbnail/jjrtgbjo3jfej5gj46cu.jpg','service','2015-03-22 08:25:57','2015-03-22 08:25:57','upload/big/jjrtgbjo3jfej5gj46cu.jpg'),
	(32,21,'upload/normal/wdukjmjezkzwv3d05lzr.jpg','upload/thumbnail/wdukjmjezkzwv3d05lzr.jpg','service','2015-03-22 08:25:57','2015-03-22 08:25:57','upload/big/wdukjmjezkzwv3d05lzr.jpg'),
	(33,21,'upload/normal/rsqxwgliairbuw2ggkt4.jpg','upload/thumbnail/rsqxwgliairbuw2ggkt4.jpg','service','2015-03-22 08:25:57','2015-03-22 08:25:57','upload/big/rsqxwgliairbuw2ggkt4.jpg'),
	(34,22,'upload/normal/f7gsm2y2wss4x4nh8zd7.jpg','upload/thumbnail/f7gsm2y2wss4x4nh8zd7.jpg','service','2015-03-22 08:26:25','2015-03-22 08:26:25','upload/big/f7gsm2y2wss4x4nh8zd7.jpg'),
	(35,22,'upload/normal/o8iphqwxq1dakokulclz.jpg','upload/thumbnail/o8iphqwxq1dakokulclz.jpg','service','2015-03-22 08:26:25','2015-03-22 08:26:25','upload/big/o8iphqwxq1dakokulclz.jpg'),
	(36,22,'upload/normal/fdieakt9mfuufzejdt3e.jpg','upload/thumbnail/fdieakt9mfuufzejdt3e.jpg','service','2015-03-22 08:26:25','2015-03-22 08:26:25','upload/big/fdieakt9mfuufzejdt3e.jpg'),
	(37,22,'upload/normal/yltzu1aptycutzfwft8o.jpg','upload/thumbnail/yltzu1aptycutzfwft8o.jpg','service','2015-03-22 08:26:25','2015-03-22 08:26:25','upload/big/yltzu1aptycutzfwft8o.jpg'),
	(38,23,'upload/normal/c0yzwua0rfrysomw3eqd.jpg','upload/thumbnail/c0yzwua0rfrysomw3eqd.jpg','service','2015-03-22 08:26:49','2015-03-22 08:26:49','upload/big/c0yzwua0rfrysomw3eqd.jpg'),
	(39,23,'upload/normal/d4walfqgvprxqtf4ejjp.jpg','upload/thumbnail/d4walfqgvprxqtf4ejjp.jpg','service','2015-03-22 08:26:49','2015-03-22 08:26:49','upload/big/d4walfqgvprxqtf4ejjp.jpg'),
	(40,23,'upload/normal/3fsdkauoavofevj2urgc.jpg','upload/thumbnail/3fsdkauoavofevj2urgc.jpg','service','2015-03-22 08:26:49','2015-03-22 08:26:49','upload/big/3fsdkauoavofevj2urgc.jpg'),
	(41,23,'upload/normal/agsrhonvmenwqio7bzt9.jpg','upload/thumbnail/agsrhonvmenwqio7bzt9.jpg','service','2015-03-22 08:26:49','2015-03-22 08:26:49','upload/big/agsrhonvmenwqio7bzt9.jpg'),
	(42,24,'upload/normal/7l48mwqpaisoqidfnshg.jpg','upload/thumbnail/7l48mwqpaisoqidfnshg.jpg','service','2015-03-22 08:27:15','2015-03-22 08:27:15','upload/big/7l48mwqpaisoqidfnshg.jpg'),
	(43,24,'upload/normal/caenjsh9bju1686c37cx.jpg','upload/thumbnail/caenjsh9bju1686c37cx.jpg','service','2015-03-22 08:27:15','2015-03-22 08:27:15','upload/big/caenjsh9bju1686c37cx.jpg'),
	(44,24,'upload/normal/7cuhqgavsvegos06e93m.jpg','upload/thumbnail/7cuhqgavsvegos06e93m.jpg','service','2015-03-22 08:27:15','2015-03-22 08:27:15','upload/big/7cuhqgavsvegos06e93m.jpg'),
	(45,24,'upload/normal/kxiawt58zhjs4u7saqfw.jpg','upload/thumbnail/kxiawt58zhjs4u7saqfw.jpg','service','2015-03-22 08:27:15','2015-03-22 08:27:15','upload/big/kxiawt58zhjs4u7saqfw.jpg'),
	(46,45,'upload/normal/ikhk1jy5dhvhz3wcg1o0.jpg','upload/thumbnail/ikhk1jy5dhvhz3wcg1o0.jpg','service','2015-03-22 08:27:43','2015-03-22 08:27:43','upload/big/ikhk1jy5dhvhz3wcg1o0.jpg'),
	(47,46,'upload/normal/m3iykpg24yp048ma3c2z.jpg','upload/thumbnail/m3iykpg24yp048ma3c2z.jpg','service','2015-03-22 08:27:48','2015-03-22 08:27:48','upload/big/m3iykpg24yp048ma3c2z.jpg'),
	(48,47,'upload/normal/jmhtbj4kifdyencnbikc.jpg','upload/thumbnail/jmhtbj4kifdyencnbikc.jpg','service','2015-03-22 08:27:48','2015-03-22 08:27:48','upload/big/jmhtbj4kifdyencnbikc.jpg'),
	(49,48,'upload/normal/ujyohr9xlnumhztij1oz.jpg','upload/thumbnail/ujyohr9xlnumhztij1oz.jpg','service','2015-03-22 08:27:48','2015-03-22 08:27:48','upload/big/ujyohr9xlnumhztij1oz.jpg'),
	(50,49,'upload/normal/umhotmulxjcct1sjqxih.jpg','upload/thumbnail/umhotmulxjcct1sjqxih.jpg','service','2015-03-22 08:28:14','2015-03-22 08:28:14','upload/big/umhotmulxjcct1sjqxih.jpg'),
	(51,50,'upload/normal/lifjiampvrjyorig1qie.jpg','upload/thumbnail/lifjiampvrjyorig1qie.jpg','service','2015-03-22 08:28:14','2015-03-22 08:28:14','upload/big/lifjiampvrjyorig1qie.jpg'),
	(52,51,'upload/normal/wenmtnfurfstasu5b1kx.jpg','upload/thumbnail/wenmtnfurfstasu5b1kx.jpg','service','2015-03-22 08:28:14','2015-03-22 08:28:14','upload/big/wenmtnfurfstasu5b1kx.jpg'),
	(53,52,'upload/normal/9zde1dk9gxdxipgkpvjm.jpg','upload/thumbnail/9zde1dk9gxdxipgkpvjm.jpg','service','2015-03-22 08:28:14','2015-03-22 08:28:14','upload/big/9zde1dk9gxdxipgkpvjm.jpg'),
	(54,53,'upload/normal/hxjerynqnmlkegh292uv.jpg','upload/thumbnail/hxjerynqnmlkegh292uv.jpg','service','2015-03-22 08:28:40','2015-03-22 08:28:40','upload/big/hxjerynqnmlkegh292uv.jpg'),
	(55,54,'upload/normal/iwjmkob7mnyicsdjqufc.jpg','upload/thumbnail/iwjmkob7mnyicsdjqufc.jpg','service','2015-03-22 08:28:40','2015-03-22 08:28:40','upload/big/iwjmkob7mnyicsdjqufc.jpg'),
	(56,55,'upload/normal/amwfttvr0hebwstvampc.jpg','upload/thumbnail/amwfttvr0hebwstvampc.jpg','service','2015-03-22 08:28:40','2015-03-22 08:28:40','upload/big/amwfttvr0hebwstvampc.jpg'),
	(57,56,'upload/normal/7sacb6xtdmeudxuakww0.jpg','upload/thumbnail/7sacb6xtdmeudxuakww0.jpg','service','2015-03-22 08:28:40','2015-03-22 08:28:40','upload/big/7sacb6xtdmeudxuakww0.jpg'),
	(58,69,'upload/normal/cqdtx0cqkhbj59u8gwdi.jpg','upload/thumbnail/cqdtx0cqkhbj59u8gwdi.jpg','service','2015-03-22 08:29:48','2015-03-22 08:29:48','upload/big/cqdtx0cqkhbj59u8gwdi.jpg'),
	(59,70,'upload/normal/u1izfmf9gqxwjnuj8erb.jpg','upload/thumbnail/u1izfmf9gqxwjnuj8erb.jpg','service','2015-03-22 08:29:48','2015-03-22 08:29:48','upload/big/u1izfmf9gqxwjnuj8erb.jpg'),
	(60,75,'upload/normal/jvbkcvwwqfpghbefkhuy.jpg','upload/thumbnail/jvbkcvwwqfpghbefkhuy.jpg','service','2015-03-22 08:30:24','2015-03-22 08:30:24','upload/big/jvbkcvwwqfpghbefkhuy.jpg'),
	(61,76,'upload/normal/3jzpc7d7lpeb3utrve0p.jpg','upload/thumbnail/3jzpc7d7lpeb3utrve0p.jpg','service','2015-03-22 08:30:24','2015-03-22 08:30:24','upload/big/3jzpc7d7lpeb3utrve0p.jpg'),
	(62,77,'upload/normal/kiskfqkphipqscricoic.jpg','upload/thumbnail/kiskfqkphipqscricoic.jpg','service','2015-03-22 08:30:24','2015-03-22 08:30:24','upload/big/kiskfqkphipqscricoic.jpg'),
	(63,78,'upload/normal/spfrfnvu7ooszvifyhek.jpg','upload/thumbnail/spfrfnvu7ooszvifyhek.jpg','service','2015-03-22 08:30:51','2015-03-22 08:30:51','upload/big/spfrfnvu7ooszvifyhek.jpg'),
	(64,79,'upload/normal/iuzhqelf15bozqbjamdh.jpg','upload/thumbnail/iuzhqelf15bozqbjamdh.jpg','service','2015-03-22 08:30:51','2015-03-22 08:30:51','upload/big/iuzhqelf15bozqbjamdh.jpg'),
	(65,80,'upload/normal/s6i8djtbjuz9qcyph3kg.jpg','upload/thumbnail/s6i8djtbjuz9qcyph3kg.jpg','service','2015-03-22 08:30:51','2015-03-22 08:30:51','upload/big/s6i8djtbjuz9qcyph3kg.jpg'),
	(66,84,'upload/normal/crzvbsrss8xd7bcd6zp6.jpg','upload/thumbnail/crzvbsrss8xd7bcd6zp6.jpg','service','2015-03-22 08:31:33','2015-03-22 08:31:33','upload/big/crzvbsrss8xd7bcd6zp6.jpg'),
	(67,4,'upload/normal/qdfecimzdxdagcfb9m1h.jpg','upload/thumbnail/qdfecimzdxdagcfb9m1h.jpg','service','2015-03-22 08:31:33','2015-03-22 08:31:33','upload/big/qdfecimzdxdagcfb9m1h.jpg'),
	(68,85,'upload/normal/rqtc2uzr11olcgrj6ht4.jpg','upload/thumbnail/rqtc2uzr11olcgrj6ht4.jpg','service','2015-03-22 08:31:34','2015-03-22 08:31:34','upload/big/rqtc2uzr11olcgrj6ht4.jpg'),
	(69,85,'upload/normal/jns1xvfma2q30elqhnuf.jpg','upload/thumbnail/jns1xvfma2q30elqhnuf.jpg','service','2015-03-22 08:31:34','2015-03-22 08:31:34','upload/big/jns1xvfma2q30elqhnuf.jpg'),
	(70,90,'upload/normal/bglhoxt1c65a76vzbnxx.jpg','upload/thumbnail/bglhoxt1c65a76vzbnxx.jpg','service','2015-03-22 08:31:58','2015-03-22 08:31:58','upload/big/bglhoxt1c65a76vzbnxx.jpg'),
	(71,91,'upload/normal/p3ervsdrn0nzjvvfxjkz.jpg','upload/thumbnail/p3ervsdrn0nzjvvfxjkz.jpg','service','2015-03-22 08:31:58','2015-03-22 08:31:58','upload/big/p3ervsdrn0nzjvvfxjkz.jpg'),
	(72,92,'upload/normal/kspctcmvmezqazxl6b87.jpg','upload/thumbnail/kspctcmvmezqazxl6b87.jpg','service','2015-03-22 08:31:58','2015-03-22 08:31:58','upload/big/kspctcmvmezqazxl6b87.jpg'),
	(73,93,'upload/normal/hinvicd0sidujauoucpa.jpg','upload/thumbnail/hinvicd0sidujauoucpa.jpg','service','2015-03-22 08:31:58','2015-03-22 08:31:58','upload/big/hinvicd0sidujauoucpa.jpg'),
	(74,98,'upload/normal/lelwl531lijpngnlg4fj.jpg','upload/thumbnail/lelwl531lijpngnlg4fj.jpg','service','2015-03-22 08:32:23','2015-03-22 08:32:23','upload/big/lelwl531lijpngnlg4fj.jpg'),
	(75,97,'upload/normal/ynb60ysgexa0ahmzi0vn.jpg','upload/thumbnail/ynb60ysgexa0ahmzi0vn.jpg','service','2015-03-22 08:32:23','2015-03-22 08:32:23','upload/big/ynb60ysgexa0ahmzi0vn.jpg'),
	(76,99,'upload/normal/bxjwygdpfvjaozg06tat.jpg','upload/thumbnail/bxjwygdpfvjaozg06tat.jpg','service','2015-03-22 08:32:23','2015-03-22 08:32:23','upload/big/bxjwygdpfvjaozg06tat.jpg'),
	(77,100,'upload/normal/xysg85rnkfaoobtwsh1r.jpg','upload/thumbnail/xysg85rnkfaoobtwsh1r.jpg','service','2015-03-22 08:32:48','2015-03-22 08:32:48','upload/big/xysg85rnkfaoobtwsh1r.jpg'),
	(78,101,'upload/normal/b302xiyaqi3fokt0ewmd.jpg','upload/thumbnail/b302xiyaqi3fokt0ewmd.jpg','service','2015-03-22 08:32:48','2015-03-22 08:32:48','upload/big/b302xiyaqi3fokt0ewmd.jpg'),
	(79,102,'upload/normal/joglccw9b24flfvxhuw0.jpg','upload/thumbnail/joglccw9b24flfvxhuw0.jpg','service','2015-03-22 08:32:49','2015-03-22 08:32:49','upload/big/joglccw9b24flfvxhuw0.jpg'),
	(80,103,'upload/normal/sq4w0glnqof9prfvt4hy.jpg','upload/thumbnail/sq4w0glnqof9prfvt4hy.jpg','service','2015-03-22 08:33:46','2015-03-22 08:33:46','upload/big/sq4w0glnqof9prfvt4hy.jpg'),
	(81,104,'upload/normal/zmsltym2uuchwnqivjgw.jpg','upload/thumbnail/zmsltym2uuchwnqivjgw.jpg','service','2015-03-22 08:33:46','2015-03-22 08:33:46','upload/big/zmsltym2uuchwnqivjgw.jpg'),
	(82,105,'upload/normal/r5uqb2bg0mzn8etvfd6d.jpg','upload/thumbnail/r5uqb2bg0mzn8etvfd6d.jpg','service','2015-03-22 08:33:46','2015-03-22 08:33:46','upload/big/r5uqb2bg0mzn8etvfd6d.jpg'),
	(83,106,'upload/normal/l5roqfxkqgdjzvk5khiv.jpg','upload/thumbnail/l5roqfxkqgdjzvk5khiv.jpg','service','2015-03-22 08:33:46','2015-03-22 08:33:46','upload/big/l5roqfxkqgdjzvk5khiv.jpg'),
	(84,115,'upload/normal/yvjn0lo1rk3wlw87lobr.jpg','upload/thumbnail/yvjn0lo1rk3wlw87lobr.jpg','service','2015-03-22 08:34:16','2015-03-22 08:34:16','upload/big/yvjn0lo1rk3wlw87lobr.jpg'),
	(85,116,'upload/normal/t9s2tbpmi4cs0m8frnnc.jpg','upload/thumbnail/t9s2tbpmi4cs0m8frnnc.jpg','service','2015-03-22 08:34:16','2015-03-22 08:34:16','upload/big/t9s2tbpmi4cs0m8frnnc.jpg'),
	(86,117,'upload/normal/lfazeqo7ceimimqffdtv.jpg','upload/thumbnail/lfazeqo7ceimimqffdtv.jpg','service','2015-03-22 08:34:16','2015-03-22 08:34:16','upload/big/lfazeqo7ceimimqffdtv.jpg'),
	(87,118,'upload/normal/hkbzfrx6zltc1scknxt5.jpg','upload/thumbnail/hkbzfrx6zltc1scknxt5.jpg','service','2015-03-22 08:34:16','2015-03-22 08:34:16','upload/big/hkbzfrx6zltc1scknxt5.jpg'),
	(89,119,'upload/normal/elqyanu3cvy5bd9xc4kb.jpg','upload/thumbnail/elqyanu3cvy5bd9xc4kb.jpg','service','2015-03-22 08:34:37','2015-03-22 08:34:37','upload/big/elqyanu3cvy5bd9xc4kb.jpg'),
	(90,120,'upload/normal/59uakarvv2p0h9hywxbl.jpg','upload/thumbnail/59uakarvv2p0h9hywxbl.jpg','service','2015-03-22 08:34:37','2015-03-22 08:34:37','upload/big/59uakarvv2p0h9hywxbl.jpg'),
	(91,121,'upload/normal/veuvb13ihlobu3s0s8r0.jpg','upload/thumbnail/veuvb13ihlobu3s0s8r0.jpg','service','2015-03-22 08:34:37','2015-03-22 08:34:37','upload/big/veuvb13ihlobu3s0s8r0.jpg'),
	(92,122,'upload/normal/rs6inz5oyzzh142ro5qr.jpg','upload/thumbnail/rs6inz5oyzzh142ro5qr.jpg','service','2015-03-22 08:34:37','2015-03-22 08:34:37','upload/big/rs6inz5oyzzh142ro5qr.jpg'),
	(93,123,'upload/normal/a4pfzlkkp92iasjm8svn.jpg','upload/thumbnail/a4pfzlkkp92iasjm8svn.jpg','service','2015-03-22 08:34:37','2015-03-22 08:34:37','upload/big/a4pfzlkkp92iasjm8svn.jpg'),
	(94,124,'upload/normal/g9xokcmtip97hcyuwszh.jpg','upload/thumbnail/g9xokcmtip97hcyuwszh.jpg','service','2015-03-22 08:34:37','2015-03-22 08:34:37','upload/big/g9xokcmtip97hcyuwszh.jpg'),
	(95,125,'upload/normal/2itj8ht19imvsuvwwwwc.jpg','upload/thumbnail/2itj8ht19imvsuvwwwwc.jpg','service','2015-03-22 08:34:38','2015-03-22 08:34:38','upload/big/2itj8ht19imvsuvwwwwc.jpg'),
	(96,126,'upload/normal/u9duc2y3wdf2kobkuc7r.jpg','upload/thumbnail/u9duc2y3wdf2kobkuc7r.jpg','service','2015-03-22 08:34:38','2015-03-22 08:34:38','upload/big/u9duc2y3wdf2kobkuc7r.jpg'),
	(97,127,'upload/normal/kxtranilvrvd8tzjejll.jpg','upload/thumbnail/kxtranilvrvd8tzjejll.jpg','service','2015-03-22 08:34:38','2015-03-22 08:34:38','upload/big/kxtranilvrvd8tzjejll.jpg'),
	(98,128,'upload/normal/ozvvk56xuwolvr0pwzqx.jpg','upload/thumbnail/ozvvk56xuwolvr0pwzqx.jpg','service','2015-03-22 08:34:38','2015-03-22 08:34:38','upload/big/ozvvk56xuwolvr0pwzqx.jpg'),
	(99,129,'upload/normal/or7rn08qap4c332e1kkd.jpg','upload/thumbnail/or7rn08qap4c332e1kkd.jpg','service','2015-03-22 08:34:38','2015-03-22 08:34:38','upload/big/or7rn08qap4c332e1kkd.jpg'),
	(100,130,'upload/normal/7ng1fbvdnyxafzgefatd.jpg','upload/thumbnail/7ng1fbvdnyxafzgefatd.jpg','service','2015-03-22 08:34:39','2015-03-22 08:34:39','upload/big/7ng1fbvdnyxafzgefatd.jpg'),
	(101,131,'upload/normal/wgsi2ib75mcg4sjnfurv.jpg','upload/thumbnail/wgsi2ib75mcg4sjnfurv.jpg','service','2015-03-22 08:34:40','2015-03-22 08:34:40','upload/big/wgsi2ib75mcg4sjnfurv.jpg'),
	(102,132,'upload/normal/bgdgm0apaf5blw0gg8rm.jpg','upload/thumbnail/bgdgm0apaf5blw0gg8rm.jpg','service','2015-03-22 08:34:40','2015-03-22 08:34:40','upload/big/bgdgm0apaf5blw0gg8rm.jpg'),
	(103,133,'upload/normal/z7hltnmnrbkbwjsvalgl.jpg','upload/thumbnail/z7hltnmnrbkbwjsvalgl.jpg','service','2015-03-22 08:34:40','2015-03-22 08:34:40','upload/big/z7hltnmnrbkbwjsvalgl.jpg'),
	(104,134,'upload/normal/yxunnr3iihokoqbvpg4v.jpg','upload/thumbnail/yxunnr3iihokoqbvpg4v.jpg','service','2015-03-22 08:34:40','2015-03-22 08:34:40','upload/big/yxunnr3iihokoqbvpg4v.jpg'),
	(105,135,'upload/normal/pbf2gjbfndxst2zzyqnb.jpg','upload/thumbnail/pbf2gjbfndxst2zzyqnb.jpg','service','2015-03-22 08:34:40','2015-03-22 08:34:40','upload/big/pbf2gjbfndxst2zzyqnb.jpg'),
	(106,136,'upload/normal/cddgxzqstwadgoj0sxsj.jpg','upload/thumbnail/cddgxzqstwadgoj0sxsj.jpg','service','2015-03-22 08:34:40','2015-03-22 08:34:40','upload/big/cddgxzqstwadgoj0sxsj.jpg'),
	(107,137,'upload/normal/ze9ydntwuiaxevss63e2.jpg','upload/thumbnail/ze9ydntwuiaxevss63e2.jpg','service','2015-03-22 08:34:41','2015-03-22 08:34:41','upload/big/ze9ydntwuiaxevss63e2.jpg'),
	(108,138,'upload/normal/hiophdh2fasqzujg4iob.jpg','upload/thumbnail/hiophdh2fasqzujg4iob.jpg','service','2015-03-22 08:34:41','2015-03-22 08:34:41','upload/big/hiophdh2fasqzujg4iob.jpg'),
	(109,139,'upload/normal/vpsrbcow3jl5s2olvmil.jpg','upload/thumbnail/vpsrbcow3jl5s2olvmil.jpg','service','2015-03-22 08:34:41','2015-03-22 08:34:41','upload/big/vpsrbcow3jl5s2olvmil.jpg'),
	(110,140,'upload/normal/culevhd1wluqdxjvamzs.jpg','upload/thumbnail/culevhd1wluqdxjvamzs.jpg','service','2015-03-22 08:34:41','2015-03-22 08:34:41','upload/big/culevhd1wluqdxjvamzs.jpg'),
	(111,141,'upload/normal/0pdjlayzcwqveukkhnp6.jpg','upload/thumbnail/0pdjlayzcwqveukkhnp6.jpg','service','2015-03-22 08:34:41','2015-03-22 08:34:41','upload/big/0pdjlayzcwqveukkhnp6.jpg'),
	(112,142,'upload/normal/xgxvz1lqla8ltfzsjqzt.jpg','upload/thumbnail/xgxvz1lqla8ltfzsjqzt.jpg','service','2015-03-22 08:34:42','2015-03-22 08:34:42','upload/big/xgxvz1lqla8ltfzsjqzt.jpg'),
	(113,1431,'upload/normal/ymngcoagwmswajnwwbp0.jpg','upload/thumbnail/ymngcoagwmswajnwwbp0.jpg','service','2015-03-22 08:34:43','2015-03-22 08:34:43','upload/big/ymngcoagwmswajnwwbp0.jpg'),
	(114,144,'upload/normal/ul2sqalcva3ytpqeb7nr.jpg','upload/thumbnail/ul2sqalcva3ytpqeb7nr.jpg','service','2015-03-22 08:34:43','2015-03-22 08:34:43','upload/big/ul2sqalcva3ytpqeb7nr.jpg'),
	(115,145,'upload/normal/qvhtqllhsded9zghizcy.jpg','upload/thumbnail/qvhtqllhsded9zghizcy.jpg','service','2015-03-22 08:34:43','2015-03-22 08:34:43','upload/big/qvhtqllhsded9zghizcy.jpg'),
	(116,146,'upload/normal/z8ezjnavaokntn4lboa0.jpg','upload/thumbnail/z8ezjnavaokntn4lboa0.jpg','service','2015-03-22 08:34:43','2015-03-22 08:34:43','upload/big/z8ezjnavaokntn4lboa0.jpg'),
	(117,14,'upload/normal/cplrdfozdqv5bi5zlskf.jpg','upload/thumbnail/cplrdfozdqv5bi5zlskf.jpg','service','2015-03-22 08:34:43','2015-03-22 08:34:43','upload/big/cplrdfozdqv5bi5zlskf.jpg'),
	(118,147,'upload/normal/gvqfk1qpllp9sarfdz3i.jpg','upload/thumbnail/gvqfk1qpllp9sarfdz3i.jpg','service','2015-03-22 08:34:43','2015-03-22 08:34:43','upload/big/gvqfk1qpllp9sarfdz3i.jpg'),
	(119,148,'upload/normal/r0poy0km15cu6qf7qlhf.jpg','upload/thumbnail/r0poy0km15cu6qf7qlhf.jpg','service','2015-03-22 08:34:44','2015-03-22 08:34:44','upload/big/r0poy0km15cu6qf7qlhf.jpg'),
	(120,149,'upload/normal/2ygwneceusrxyl5vlfvk.jpg','upload/thumbnail/2ygwneceusrxyl5vlfvk.jpg','service','2015-03-22 08:34:44','2015-03-22 08:34:44','upload/big/2ygwneceusrxyl5vlfvk.jpg'),
	(121,150,'upload/normal/5ph8q9qkz0bki84f7kcd.jpg','upload/thumbnail/5ph8q9qkz0bki84f7kcd.jpg','service','2015-03-22 08:34:44','2015-03-22 08:34:44','upload/big/5ph8q9qkz0bki84f7kcd.jpg'),
	(122,151,'upload/normal/xw44vs44grpx0zlpoq6p.jpg','upload/thumbnail/xw44vs44grpx0zlpoq6p.jpg','service','2015-03-22 08:34:44','2015-03-22 08:34:44','upload/big/xw44vs44grpx0zlpoq6p.jpg'),
	(123,152,'upload/normal/1lubciavl1krxvmf6vty.jpg','upload/thumbnail/1lubciavl1krxvmf6vty.jpg','service','2015-03-22 08:37:46','2015-03-22 08:37:46','upload/big/1lubciavl1krxvmf6vty.jpg'),
	(124,153,'upload/normal/lklv1degvcjvlbyx34rp.jpg','upload/thumbnail/lklv1degvcjvlbyx34rp.jpg','service','2015-03-22 08:37:54','2015-03-22 08:37:54','upload/big/lklv1degvcjvlbyx34rp.jpg'),
	(125,154,'upload/normal/8ijy01oetkzc43sld1pb.jpg','upload/thumbnail/8ijy01oetkzc43sld1pb.jpg','service','2015-03-22 08:37:56','2015-03-22 08:37:56','upload/big/8ijy01oetkzc43sld1pb.jpg'),
	(126,155,'upload/normal/dsqhgcit6jbiilfx4vor.jpg','upload/thumbnail/dsqhgcit6jbiilfx4vor.jpg','service','2015-03-22 08:38:00','2015-03-22 08:38:00','upload/big/dsqhgcit6jbiilfx4vor.jpg'),
	(127,168,'upload/normal/64qrkqus9rjvaxbtu6kc.jpg','upload/thumbnail/64qrkqus9rjvaxbtu6kc.jpg','service','2015-03-22 08:38:30','2015-03-22 08:38:30','upload/big/64qrkqus9rjvaxbtu6kc.jpg'),
	(128,169,'upload/normal/irj1gczqgkea4udpgh2p.jpg','upload/thumbnail/irj1gczqgkea4udpgh2p.jpg','service','2015-03-22 08:38:36','2015-03-22 08:38:36','upload/big/irj1gczqgkea4udpgh2p.jpg'),
	(129,170,'upload/normal/x3ppxpgpsrobp1fvl3vr.jpg','upload/thumbnail/x3ppxpgpsrobp1fvl3vr.jpg','service','2015-03-22 08:38:36','2015-03-22 08:38:36','upload/big/x3ppxpgpsrobp1fvl3vr.jpg'),
	(130,171,'upload/normal/zhn2hj27ej4yoonrscwg.jpg','upload/thumbnail/zhn2hj27ej4yoonrscwg.jpg','service','2015-03-22 08:38:36','2015-03-22 08:38:36','upload/big/zhn2hj27ej4yoonrscwg.jpg'),
	(131,172,'upload/normal/0lazkdw96jnzjdtwaccs.jpg','upload/thumbnail/0lazkdw96jnzjdtwaccs.jpg','service','2015-03-22 08:38:36','2015-03-22 08:38:36','upload/big/0lazkdw96jnzjdtwaccs.jpg'),
	(132,173,'upload/normal/alrtp7fno1ffpdmdt4bw.jpg','upload/thumbnail/alrtp7fno1ffpdmdt4bw.jpg','service','2015-03-22 08:39:32','2015-03-22 08:39:32','upload/big/alrtp7fno1ffpdmdt4bw.jpg'),
	(133,174,'upload/normal/b89oezg4monzj310e1l2.jpg','upload/thumbnail/b89oezg4monzj310e1l2.jpg','service','2015-03-22 08:39:32','2015-03-22 08:39:32','upload/big/b89oezg4monzj310e1l2.jpg'),
	(134,175,'upload/normal/4vtoffxxougb4dijrt8c.jpg','upload/thumbnail/4vtoffxxougb4dijrt8c.jpg','service','2015-03-22 08:39:32','2015-03-22 08:39:32','upload/big/4vtoffxxougb4dijrt8c.jpg'),
	(135,176,'upload/normal/tq0uv47hbzwtvmbwdb0e.jpg','upload/thumbnail/tq0uv47hbzwtvmbwdb0e.jpg','service','2015-03-22 08:39:32','2015-03-22 08:39:32','upload/big/tq0uv47hbzwtvmbwdb0e.jpg'),
	(136,3,'upload/normal/grxnkbwgve9sj7dkmkp3.jpg','upload/thumbnail/grxnkbwgve9sj7dkmkp3.jpg','outlet','2015-03-22 08:42:46','2015-03-22 08:42:46','upload/big/grxnkbwgve9sj7dkmkp3.jpg'),
	(138,4,'upload/normal/sdiav1nuqiu2jbulsfrp.jpg','upload/thumbnail/sdiav1nuqiu2jbulsfrp.jpg','outlet','2015-03-22 08:43:01','2015-03-22 08:43:01','upload/big/sdiav1nuqiu2jbulsfrp.jpg'),
	(139,5,'upload/normal/fepmuantbf8gdn5fzp9q.jpg','upload/thumbnail/fepmuantbf8gdn5fzp9q.jpg','outlet','2015-03-22 08:43:01','2015-03-22 08:43:01','upload/big/fepmuantbf8gdn5fzp9q.jpg'),
	(140,6,'upload/normal/e6grzhyd2y7pkwvtsvih.jpg','upload/thumbnail/e6grzhyd2y7pkwvtsvih.jpg','outlet','2015-03-22 08:43:01','2015-03-22 08:43:01','upload/big/e6grzhyd2y7pkwvtsvih.jpg'),
	(141,7,'upload/normal/rbasixbed3aelbpj118z.jpg','upload/thumbnail/rbasixbed3aelbpj118z.jpg','outlet','2015-03-22 08:43:01','2015-03-22 08:43:01','upload/big/rbasixbed3aelbpj118z.jpg'),
	(142,8,'upload/normal/sbkabkwytjogxus11yes.jpg','upload/thumbnail/sbkabkwytjogxus11yes.jpg','outlet','2015-03-22 08:43:01','2015-03-22 08:43:01','upload/big/sbkabkwytjogxus11yes.jpg'),
	(143,9,'upload/normal/nlhpli3ufjc3vbzaur7m.jpg','upload/thumbnail/nlhpli3ufjc3vbzaur7m.jpg','outlet','2015-03-22 08:43:02','2015-03-22 08:43:02','upload/big/nlhpli3ufjc3vbzaur7m.jpg'),
	(144,3,'upload/normal/2mwnp9kd9gw1dikokivh.jpg','upload/thumbnail/2mwnp9kd9gw1dikokivh.jpg','outlet','2015-03-22 08:43:02','2015-03-22 08:43:02','upload/big/2mwnp9kd9gw1dikokivh.jpg'),
	(145,4,'upload/normal/i71eyvpf9fddm6y2wjpa.jpg','upload/thumbnail/i71eyvpf9fddm6y2wjpa.jpg','outlet','2015-03-22 08:43:02','2015-03-22 08:43:02','upload/big/i71eyvpf9fddm6y2wjpa.jpg'),
	(146,5,'upload/normal/ljecvnrrpdpukakndzjk.jpg','upload/thumbnail/ljecvnrrpdpukakndzjk.jpg','outlet','2015-03-22 08:43:03','2015-03-22 08:43:03','upload/big/ljecvnrrpdpukakndzjk.jpg'),
	(147,6,'upload/normal/i7qbcurgx3rkp9b4p2hu.jpg','upload/thumbnail/i7qbcurgx3rkp9b4p2hu.jpg','outlet','2015-03-22 08:43:03','2015-03-22 08:43:03','upload/big/i7qbcurgx3rkp9b4p2hu.jpg'),
	(149,1,'upload/normal/gjyg0jqgl51wbv0rpt0t.jpg','upload/thumbnail/gjyg0jqgl51wbv0rpt0t.jpg','service','2015-03-22 09:01:18','2015-03-22 09:01:18','upload/big/gjyg0jqgl51wbv0rpt0t.jpg'),
	(150,3,'upload/normal/z0z7im1dbz8wbm9fh9nn.jpg','upload/thumbnail/z0z7im1dbz8wbm9fh9nn.jpg','service','2015-03-22 09:01:18','2015-03-22 09:01:18','upload/big/z0z7im1dbz8wbm9fh9nn.jpg'),
	(151,1,'upload/normal/gq006lg8woi1mousyofg.jpg','upload/thumbnail/gq006lg8woi1mousyofg.jpg','service','2015-03-22 09:01:18','2015-03-22 09:01:18','upload/big/gq006lg8woi1mousyofg.jpg'),
	(152,2,'upload/normal/kwt6mjzxqdur1cd1dqhi.jpg','upload/thumbnail/kwt6mjzxqdur1cd1dqhi.jpg','service','2015-03-22 09:02:06','2015-03-22 09:02:06','upload/big/kwt6mjzxqdur1cd1dqhi.jpg'),
	(153,6,'upload/normal/ancbtke0efkis9zvzi1m.jpg','upload/thumbnail/ancbtke0efkis9zvzi1m.jpg','service','2015-03-22 09:02:06','2015-03-22 09:02:06','upload/big/ancbtke0efkis9zvzi1m.jpg'),
	(154,2,'upload/normal/mkbpx91o2e2cocjfha4z.jpg','upload/thumbnail/mkbpx91o2e2cocjfha4z.jpg','service','2015-03-22 09:02:06','2015-03-22 09:02:06','upload/big/mkbpx91o2e2cocjfha4z.jpg'),
	(155,5,'upload/normal/5fl5hohw9y4vlx4kdhlu.jpg','upload/thumbnail/5fl5hohw9y4vlx4kdhlu.jpg','service','2015-03-22 09:02:06','2015-03-22 09:02:06','upload/big/5fl5hohw9y4vlx4kdhlu.jpg'),
	(156,9,'upload/normal/bfqgtlqlxwgtxicqatet.jpg','upload/thumbnail/bfqgtlqlxwgtxicqatet.jpg','service','2015-03-22 09:02:22','2015-03-22 09:02:22','upload/big/bfqgtlqlxwgtxicqatet.jpg'),
	(157,6,'upload/normal/ixevh3hyrfwjhzpp5ovc.jpg','upload/thumbnail/ixevh3hyrfwjhzpp5ovc.jpg','service','2015-03-22 09:02:22','2015-03-22 09:02:22','upload/big/ixevh3hyrfwjhzpp5ovc.jpg'),
	(158,7,'upload/normal/6mwgsrvsilnrtlxnxhbf.jpg','upload/thumbnail/6mwgsrvsilnrtlxnxhbf.jpg','service','2015-03-22 09:02:22','2015-03-22 09:02:22','upload/big/6mwgsrvsilnrtlxnxhbf.jpg'),
	(159,3,'upload/normal/psepizfggrtxmo7vrrjj.jpg','upload/thumbnail/psepizfggrtxmo7vrrjj.jpg','service','2015-03-22 09:02:22','2015-03-22 09:02:22','upload/big/psepizfggrtxmo7vrrjj.jpg'),
	(160,16,'upload/normal/qvowdd9fkjvhysmyuoth.jpg','upload/thumbnail/qvowdd9fkjvhysmyuoth.jpg','service','2015-03-22 09:02:47','2015-03-22 09:02:47','upload/big/qvowdd9fkjvhysmyuoth.jpg'),
	(161,18,'upload/normal/xrsi5ygwx16eszm1fotz.jpg','upload/thumbnail/xrsi5ygwx16eszm1fotz.jpg','service','2015-03-22 09:02:47','2015-03-22 09:02:47','upload/big/xrsi5ygwx16eszm1fotz.jpg'),
	(162,18,'upload/normal/1kt10wunjvtmlvzjzl8e.jpg','upload/thumbnail/1kt10wunjvtmlvzjzl8e.jpg','service','2015-03-22 09:02:47','2015-03-22 09:02:47','upload/big/1kt10wunjvtmlvzjzl8e.jpg'),
	(163,17,'upload/normal/9gbaxy0plxc9d01kxl67.jpg','upload/thumbnail/9gbaxy0plxc9d01kxl67.jpg','service','2015-03-22 09:02:47','2015-03-22 09:02:47','upload/big/9gbaxy0plxc9d01kxl67.jpg'),
	(164,17,'upload/normal/op6fcameuog4r8l5p2id.jpg','upload/thumbnail/op6fcameuog4r8l5p2id.jpg','service','2015-03-22 09:03:10','2015-03-22 09:03:10','upload/big/op6fcameuog4r8l5p2id.jpg'),
	(165,20,'upload/normal/ucy0tyaooppetswblkeu.jpg','upload/thumbnail/ucy0tyaooppetswblkeu.jpg','service','2015-03-22 09:03:10','2015-03-22 09:03:10','upload/big/ucy0tyaooppetswblkeu.jpg'),
	(166,21,'upload/normal/w1ooi5esnbr1on4gfuuu.jpg','upload/thumbnail/w1ooi5esnbr1on4gfuuu.jpg','service','2015-03-22 09:03:10','2015-03-22 09:03:10','upload/big/w1ooi5esnbr1on4gfuuu.jpg'),
	(167,17,'upload/normal/py3yt6knlnskrsbhpptr.jpg','upload/thumbnail/py3yt6knlnskrsbhpptr.jpg','service','2015-03-22 09:03:10','2015-03-22 09:03:10','upload/big/py3yt6knlnskrsbhpptr.jpg'),
	(168,18,'upload/normal/qkebgmojk8hxwk6jyuq8.jpg','upload/thumbnail/qkebgmojk8hxwk6jyuq8.jpg','service','2015-03-22 09:03:29','2015-03-22 09:03:29','upload/big/qkebgmojk8hxwk6jyuq8.jpg'),
	(169,18,'upload/normal/j0gndmi3ukyvvdmeqgzt.jpg','upload/thumbnail/j0gndmi3ukyvvdmeqgzt.jpg','service','2015-03-22 09:03:29','2015-03-22 09:03:29','upload/big/j0gndmi3ukyvvdmeqgzt.jpg'),
	(170,18,'upload/normal/sx17oavytwhby0liejnr.jpg','upload/thumbnail/sx17oavytwhby0liejnr.jpg','service','2015-03-22 09:03:29','2015-03-22 09:03:29','upload/big/sx17oavytwhby0liejnr.jpg'),
	(171,18,'upload/normal/nwdwhdzjyb06jduwvunw.jpg','upload/thumbnail/nwdwhdzjyb06jduwvunw.jpg','service','2015-03-22 09:03:29','2015-03-22 09:03:29','upload/big/nwdwhdzjyb06jduwvunw.jpg'),
	(172,25,'upload/normal/aypf7r9ahxg3scpipewf.jpg','upload/thumbnail/aypf7r9ahxg3scpipewf.jpg','service','2015-03-22 09:04:01','2015-03-22 09:04:01','upload/big/aypf7r9ahxg3scpipewf.jpg'),
	(173,25,'upload/normal/jb24htxcy7feqbi4lqko.jpg','upload/thumbnail/jb24htxcy7feqbi4lqko.jpg','service','2015-03-22 09:04:01','2015-03-22 09:04:01','upload/big/jb24htxcy7feqbi4lqko.jpg'),
	(174,25,'upload/normal/qdwmckknxybyizy6dvt3.jpg','upload/thumbnail/qdwmckknxybyizy6dvt3.jpg','service','2015-03-22 09:04:01','2015-03-22 09:04:01','upload/big/qdwmckknxybyizy6dvt3.jpg'),
	(175,25,'upload/normal/d1dkstdkxillqtqk78xd.jpg','upload/thumbnail/d1dkstdkxillqtqk78xd.jpg','service','2015-03-22 09:04:01','2015-03-22 09:04:01','upload/big/d1dkstdkxillqtqk78xd.jpg'),
	(176,26,'upload/normal/i08jouy59mhr2g7ereyn.jpg','upload/thumbnail/i08jouy59mhr2g7ereyn.jpg','service','2015-03-22 09:04:25','2015-03-22 09:04:25','upload/big/i08jouy59mhr2g7ereyn.jpg'),
	(177,26,'upload/normal/gn0ribw9zncscano4vdq.jpg','upload/thumbnail/gn0ribw9zncscano4vdq.jpg','service','2015-03-22 09:04:25','2015-03-22 09:04:25','upload/big/gn0ribw9zncscano4vdq.jpg'),
	(178,26,'upload/normal/lkjtfi0hvls5carx8a40.jpg','upload/thumbnail/lkjtfi0hvls5carx8a40.jpg','service','2015-03-22 09:04:25','2015-03-22 09:04:25','upload/big/lkjtfi0hvls5carx8a40.jpg'),
	(179,26,'upload/normal/raqbkganyvcxfweqxtub.jpg','upload/thumbnail/raqbkganyvcxfweqxtub.jpg','service','2015-03-22 09:04:25','2015-03-22 09:04:25','upload/big/raqbkganyvcxfweqxtub.jpg'),
	(180,27,'upload/normal/e3jtaoyq8xoauzakw1dn.jpg','upload/thumbnail/e3jtaoyq8xoauzakw1dn.jpg','service','2015-03-22 09:04:46','2015-03-22 09:04:46','upload/big/e3jtaoyq8xoauzakw1dn.jpg'),
	(181,27,'upload/normal/vkuurqzp4xu6unohjnrq.jpg','upload/thumbnail/vkuurqzp4xu6unohjnrq.jpg','service','2015-03-22 09:04:46','2015-03-22 09:04:46','upload/big/vkuurqzp4xu6unohjnrq.jpg'),
	(182,28,'upload/normal/xcf3h5bqlpkwmj6wnl0m.jpg','upload/thumbnail/xcf3h5bqlpkwmj6wnl0m.jpg','service','2015-03-22 09:04:46','2015-03-22 09:04:46','upload/big/xcf3h5bqlpkwmj6wnl0m.jpg'),
	(183,29,'upload/normal/esrumx9hrfytuxnrqskk.jpg','upload/thumbnail/esrumx9hrfytuxnrqskk.jpg','service','2015-03-22 09:04:46','2015-03-22 09:04:46','upload/big/esrumx9hrfytuxnrqskk.jpg'),
	(184,30,'upload/normal/ftahdgs4blnzeoq5ds3c.jpg','upload/thumbnail/ftahdgs4blnzeoq5ds3c.jpg','service','2015-03-22 09:05:13','2015-03-22 09:05:13','upload/big/ftahdgs4blnzeoq5ds3c.jpg'),
	(185,31,'upload/normal/f76wa299iuhtollkfaib.jpg','upload/thumbnail/f76wa299iuhtollkfaib.jpg','service','2015-03-22 09:05:13','2015-03-22 09:05:13','upload/big/f76wa299iuhtollkfaib.jpg'),
	(186,32,'upload/normal/dkvry73nwkypdpceyo1j.jpg','upload/thumbnail/dkvry73nwkypdpceyo1j.jpg','service','2015-03-22 09:05:13','2015-03-22 09:05:13','upload/big/dkvry73nwkypdpceyo1j.jpg'),
	(187,33,'upload/normal/o9hmixmogsop9lxpyasw.jpg','upload/thumbnail/o9hmixmogsop9lxpyasw.jpg','service','2015-03-22 09:05:13','2015-03-22 09:05:13','upload/big/o9hmixmogsop9lxpyasw.jpg'),
	(188,34,'upload/normal/avnopaicpxwmrcroe3uj.jpg','upload/thumbnail/avnopaicpxwmrcroe3uj.jpg','service','2015-03-22 09:05:13','2015-03-22 09:05:13','upload/big/avnopaicpxwmrcroe3uj.jpg'),
	(189,35,'upload/normal/gr0lhamtrjivglwfzdc8.jpg','upload/thumbnail/gr0lhamtrjivglwfzdc8.jpg','service','2015-03-22 09:05:34','2015-03-22 09:05:34','upload/big/gr0lhamtrjivglwfzdc8.jpg'),
	(190,36,'upload/normal/0cdkeanut8zioytysjar.jpg','upload/thumbnail/0cdkeanut8zioytysjar.jpg','service','2015-03-22 09:05:34','2015-03-22 09:05:34','upload/big/0cdkeanut8zioytysjar.jpg'),
	(191,37,'upload/normal/qp6qgxd6r3jxkfyukmmj.jpg','upload/thumbnail/qp6qgxd6r3jxkfyukmmj.jpg','service','2015-03-22 09:05:34','2015-03-22 09:05:34','upload/big/qp6qgxd6r3jxkfyukmmj.jpg'),
	(192,38,'upload/normal/tdvgcqnrigld79ddidka.jpg','upload/thumbnail/tdvgcqnrigld79ddidka.jpg','service','2015-03-22 09:05:34','2015-03-22 09:05:34','upload/big/tdvgcqnrigld79ddidka.jpg'),
	(193,39,'upload/normal/bdyopyyyevzwt3kgwz8c.jpg','upload/thumbnail/bdyopyyyevzwt3kgwz8c.jpg','service','2015-03-22 09:05:34','2015-03-22 09:05:34','upload/big/bdyopyyyevzwt3kgwz8c.jpg'),
	(194,40,'upload/normal/gumliqwbgjn8a6svxaqp.jpg','upload/thumbnail/gumliqwbgjn8a6svxaqp.jpg','service','2015-03-22 09:05:52','2015-03-22 09:05:52','upload/big/gumliqwbgjn8a6svxaqp.jpg'),
	(195,41,'upload/normal/ymnihsvi0sogz9fhvytw.jpg','upload/thumbnail/ymnihsvi0sogz9fhvytw.jpg','service','2015-03-22 09:05:52','2015-03-22 09:05:52','upload/big/ymnihsvi0sogz9fhvytw.jpg'),
	(196,42,'upload/normal/yo3lzd2p5un5mlwf5tih.jpg','upload/thumbnail/yo3lzd2p5un5mlwf5tih.jpg','service','2015-03-22 09:05:52','2015-03-22 09:05:52','upload/big/yo3lzd2p5un5mlwf5tih.jpg'),
	(197,43,'upload/normal/owkrenn3scgrv37xlqqt.jpg','upload/thumbnail/owkrenn3scgrv37xlqqt.jpg','service','2015-03-22 09:05:52','2015-03-22 09:05:52','upload/big/owkrenn3scgrv37xlqqt.jpg'),
	(198,44,'upload/normal/9gyculi5ojo7nzyz0y1k.jpg','upload/thumbnail/9gyculi5ojo7nzyz0y1k.jpg','service','2015-03-22 09:05:52','2015-03-22 09:05:52','upload/big/9gyculi5ojo7nzyz0y1k.jpg'),
	(199,57,'upload/normal/uqlmokdv91qcizoc3bmr.jpg','upload/thumbnail/uqlmokdv91qcizoc3bmr.jpg','service','2015-03-22 09:06:09','2015-03-22 09:06:09','upload/big/uqlmokdv91qcizoc3bmr.jpg'),
	(200,58,'upload/normal/vhldd5vafsdesiu6zzoc.jpg','upload/thumbnail/vhldd5vafsdesiu6zzoc.jpg','service','2015-03-22 09:06:09','2015-03-22 09:06:09','upload/big/vhldd5vafsdesiu6zzoc.jpg'),
	(201,59,'upload/normal/eofevfoqoxhudm3h13bc.jpg','upload/thumbnail/eofevfoqoxhudm3h13bc.jpg','service','2015-03-22 09:06:09','2015-03-22 09:06:09','upload/big/eofevfoqoxhudm3h13bc.jpg'),
	(202,60,'upload/normal/9elfjapjafglte1prn4r.jpg','upload/thumbnail/9elfjapjafglte1prn4r.jpg','service','2015-03-22 09:06:09','2015-03-22 09:06:09','upload/big/9elfjapjafglte1prn4r.jpg'),
	(203,61,'upload/normal/tkrors6vdnoiwrdue82r.jpg','upload/thumbnail/tkrors6vdnoiwrdue82r.jpg','service','2015-03-22 09:06:25','2015-03-22 09:06:25','upload/big/tkrors6vdnoiwrdue82r.jpg'),
	(204,62,'upload/normal/dm5fl9m9zrqbfvfgbbrw.jpg','upload/thumbnail/dm5fl9m9zrqbfvfgbbrw.jpg','service','2015-03-22 09:06:25','2015-03-22 09:06:25','upload/big/dm5fl9m9zrqbfvfgbbrw.jpg'),
	(205,63,'upload/normal/36n5hroxijpdeu8b1kzi.jpg','upload/thumbnail/36n5hroxijpdeu8b1kzi.jpg','service','2015-03-22 09:06:25','2015-03-22 09:06:25','upload/big/36n5hroxijpdeu8b1kzi.jpg'),
	(206,64,'upload/normal/swsuczhr6obsfzcwh81b.jpg','upload/thumbnail/swsuczhr6obsfzcwh81b.jpg','service','2015-03-22 09:06:25','2015-03-22 09:06:25','upload/big/swsuczhr6obsfzcwh81b.jpg'),
	(207,65,'upload/normal/pfukkt0fkvxjzbjtsk23.jpg','upload/thumbnail/pfukkt0fkvxjzbjtsk23.jpg','service','2015-03-22 09:06:41','2015-03-22 09:06:41','upload/big/pfukkt0fkvxjzbjtsk23.jpg'),
	(208,66,'upload/normal/gqcoslm5032atxeyali6.jpg','upload/thumbnail/gqcoslm5032atxeyali6.jpg','service','2015-03-22 09:06:41','2015-03-22 09:06:41','upload/big/gqcoslm5032atxeyali6.jpg'),
	(209,67,'upload/normal/r2kkduubpiijo7j9m0tg.jpg','upload/thumbnail/r2kkduubpiijo7j9m0tg.jpg','service','2015-03-22 09:06:41','2015-03-22 09:06:41','upload/big/r2kkduubpiijo7j9m0tg.jpg'),
	(210,68,'upload/normal/xycgsvibdfojt4nluqy8.jpg','upload/thumbnail/xycgsvibdfojt4nluqy8.jpg','service','2015-03-22 09:06:41','2015-03-22 09:06:41','upload/big/xycgsvibdfojt4nluqy8.jpg'),
	(211,71,'upload/normal/o4lul3srn27d5aymo8wv.jpg','upload/thumbnail/o4lul3srn27d5aymo8wv.jpg','service','2015-03-22 09:06:54','2015-03-22 09:06:54','upload/big/o4lul3srn27d5aymo8wv.jpg'),
	(212,72,'upload/normal/dhtogokirp8if25qhv9a.jpg','upload/thumbnail/dhtogokirp8if25qhv9a.jpg','service','2015-03-22 09:06:54','2015-03-22 09:06:54','upload/big/dhtogokirp8if25qhv9a.jpg'),
	(213,73,'upload/normal/kgxt2fyedwgaz0609ja2.jpg','upload/thumbnail/kgxt2fyedwgaz0609ja2.jpg','service','2015-03-22 09:07:05','2015-03-22 09:07:05','upload/big/kgxt2fyedwgaz0609ja2.jpg'),
	(214,74,'upload/normal/s2jc2iwllatqhl49bbxx.jpg','upload/thumbnail/s2jc2iwllatqhl49bbxx.jpg','service','2015-03-22 09:07:05','2015-03-22 09:07:05','upload/big/s2jc2iwllatqhl49bbxx.jpg'),
	(215,81,'upload/normal/a4jcx2naldlzfsp5ybat.jpg','upload/thumbnail/a4jcx2naldlzfsp5ybat.jpg','service','2015-03-22 09:07:18','2015-03-22 09:07:18','upload/big/a4jcx2naldlzfsp5ybat.jpg'),
	(216,82,'upload/normal/i4xmbuvhwc1xcpj99qd5.jpg','upload/thumbnail/i4xmbuvhwc1xcpj99qd5.jpg','service','2015-03-22 09:07:18','2015-03-22 09:07:18','upload/big/i4xmbuvhwc1xcpj99qd5.jpg'),
	(217,83,'upload/normal/0zljvyngqmhrwkgzimv6.jpg','upload/thumbnail/0zljvyngqmhrwkgzimv6.jpg','service','2015-03-22 09:07:18','2015-03-22 09:07:18','upload/big/0zljvyngqmhrwkgzimv6.jpg'),
	(218,86,'upload/normal/6x0iuaw8lfxt15r0od0v.jpg','upload/thumbnail/6x0iuaw8lfxt15r0od0v.jpg','service','2015-03-22 09:07:36','2015-03-22 09:07:36','upload/big/6x0iuaw8lfxt15r0od0v.jpg'),
	(219,87,'upload/normal/ctrc6txisktgujgmzrhp.jpg','upload/thumbnail/ctrc6txisktgujgmzrhp.jpg','service','2015-03-22 09:07:36','2015-03-22 09:07:36','upload/big/ctrc6txisktgujgmzrhp.jpg'),
	(220,88,'upload/normal/cmva4v9njgskferd9kf5.jpg','upload/thumbnail/cmva4v9njgskferd9kf5.jpg','service','2015-03-22 09:07:36','2015-03-22 09:07:36','upload/big/cmva4v9njgskferd9kf5.jpg'),
	(221,89,'upload/normal/94i95yzhw0boov3v2axm.jpg','upload/thumbnail/94i95yzhw0boov3v2axm.jpg','service','2015-03-22 09:07:36','2015-03-22 09:07:36','upload/big/94i95yzhw0boov3v2axm.jpg'),
	(222,94,'upload/normal/bbebwww3ykgqqdov0qh8.jpg','upload/thumbnail/bbebwww3ykgqqdov0qh8.jpg','service','2015-03-22 09:07:57','2015-03-22 09:07:57','upload/big/bbebwww3ykgqqdov0qh8.jpg'),
	(223,95,'upload/normal/670uwuwfhrzcpcxnublv.jpg','upload/thumbnail/670uwuwfhrzcpcxnublv.jpg','service','2015-03-22 09:07:57','2015-03-22 09:07:57','upload/big/670uwuwfhrzcpcxnublv.jpg'),
	(224,96,'upload/normal/svjjexbuq6ulxg2oqukd.jpg','upload/thumbnail/svjjexbuq6ulxg2oqukd.jpg','service','2015-03-22 09:07:57','2015-03-22 09:07:57','upload/big/svjjexbuq6ulxg2oqukd.jpg'),
	(225,107,'upload/normal/k4liocsnvufakzky06pu.jpg','upload/thumbnail/k4liocsnvufakzky06pu.jpg','service','2015-03-22 09:08:18','2015-03-22 09:08:18','upload/big/k4liocsnvufakzky06pu.jpg'),
	(226,108,'upload/normal/hmiodnmg9jsubtqo2cvt.jpg','upload/thumbnail/hmiodnmg9jsubtqo2cvt.jpg','service','2015-03-22 09:08:18','2015-03-22 09:08:18','upload/big/hmiodnmg9jsubtqo2cvt.jpg'),
	(227,109,'upload/normal/or63je1bsfhd2llkt19z.jpg','upload/thumbnail/or63je1bsfhd2llkt19z.jpg','service','2015-03-22 09:08:18','2015-03-22 09:08:18','upload/big/or63je1bsfhd2llkt19z.jpg'),
	(228,110,'upload/normal/too0rxbwegf9cznmqj0a.jpg','upload/thumbnail/too0rxbwegf9cznmqj0a.jpg','service','2015-03-22 09:08:18','2015-03-22 09:08:18','upload/big/too0rxbwegf9cznmqj0a.jpg'),
	(229,111,'upload/normal/l9kzqxpk2klg7uoxh4vr.jpg','upload/thumbnail/l9kzqxpk2klg7uoxh4vr.jpg','service','2015-03-22 09:08:34','2015-03-22 09:08:34','upload/big/l9kzqxpk2klg7uoxh4vr.jpg'),
	(230,112,'upload/normal/s1a0djhucqbkthqrpcs4.jpg','upload/thumbnail/s1a0djhucqbkthqrpcs4.jpg','service','2015-03-22 09:08:34','2015-03-22 09:08:34','upload/big/s1a0djhucqbkthqrpcs4.jpg'),
	(231,113,'upload/normal/ajhcauhgdxv4imflnilq.jpg','upload/thumbnail/ajhcauhgdxv4imflnilq.jpg','service','2015-03-22 09:08:34','2015-03-22 09:08:34','upload/big/ajhcauhgdxv4imflnilq.jpg'),
	(232,114,'upload/normal/su1mkhafdirj3q23ggsc.jpg','upload/thumbnail/su1mkhafdirj3q23ggsc.jpg','service','2015-03-22 09:08:34','2015-03-22 09:08:34','upload/big/su1mkhafdirj3q23ggsc.jpg'),
	(233,156,'upload/normal/lpxnmlfvdx8wt5uuw4wa.jpg','upload/thumbnail/lpxnmlfvdx8wt5uuw4wa.jpg','service','2015-03-22 09:08:51','2015-03-22 09:08:51','upload/big/lpxnmlfvdx8wt5uuw4wa.jpg'),
	(234,157,'upload/normal/7lydxtgwo2htc49dxdkt.jpg','upload/thumbnail/7lydxtgwo2htc49dxdkt.jpg','service','2015-03-22 09:08:51','2015-03-22 09:08:51','upload/big/7lydxtgwo2htc49dxdkt.jpg'),
	(235,158,'upload/normal/vospxxp2c3m2cmogsdlj.jpg','upload/thumbnail/vospxxp2c3m2cmogsdlj.jpg','service','2015-03-22 09:08:51','2015-03-22 09:08:51','upload/big/vospxxp2c3m2cmogsdlj.jpg'),
	(236,159,'upload/normal/evjd6booer6fegxpfoyd.jpg','upload/thumbnail/evjd6booer6fegxpfoyd.jpg','service','2015-03-22 09:08:51','2015-03-22 09:08:51','upload/big/evjd6booer6fegxpfoyd.jpg'),
	(237,160,'upload/normal/cbdwhda7stx7b9zwwdu1.jpg','upload/thumbnail/cbdwhda7stx7b9zwwdu1.jpg','service','2015-03-22 09:09:25','2015-03-22 09:09:25','upload/big/cbdwhda7stx7b9zwwdu1.jpg'),
	(238,161,'upload/normal/yckjmuecp4ca5sbhzuet.jpg','upload/thumbnail/yckjmuecp4ca5sbhzuet.jpg','service','2015-03-22 09:09:26','2015-03-22 09:09:26','upload/big/yckjmuecp4ca5sbhzuet.jpg'),
	(239,162,'upload/normal/bod9sagmsaczgmqcpzxh.jpg','upload/thumbnail/bod9sagmsaczgmqcpzxh.jpg','service','2015-03-22 09:09:26','2015-03-22 09:09:26','upload/big/bod9sagmsaczgmqcpzxh.jpg'),
	(240,163,'upload/normal/zjv3s2xbkoxebevbsyfr.jpg','upload/thumbnail/zjv3s2xbkoxebevbsyfr.jpg','service','2015-03-22 09:09:26','2015-03-22 09:09:26','upload/big/zjv3s2xbkoxebevbsyfr.jpg'),
	(241,164,'upload/normal/p7ncvkngb22sbdmez3fb.jpg','upload/thumbnail/p7ncvkngb22sbdmez3fb.jpg','service','2015-03-22 09:09:39','2015-03-22 09:09:39','upload/big/p7ncvkngb22sbdmez3fb.jpg'),
	(242,165,'upload/normal/suus1qnikmqiwlrh82jm.jpg','upload/thumbnail/suus1qnikmqiwlrh82jm.jpg','service','2015-03-22 09:09:39','2015-03-22 09:09:39','upload/big/suus1qnikmqiwlrh82jm.jpg'),
	(243,166,'upload/normal/r6brb1jnsi3ek8u7uoet.jpg','upload/thumbnail/r6brb1jnsi3ek8u7uoet.jpg','service','2015-03-22 09:09:39','2015-03-22 09:09:39','upload/big/r6brb1jnsi3ek8u7uoet.jpg'),
	(244,167,'upload/normal/lgmheivv6vs3sdsbw8xd.jpg','upload/thumbnail/lgmheivv6vs3sdsbw8xd.jpg','service','2015-03-22 09:09:39','2015-03-22 09:09:39','upload/big/lgmheivv6vs3sdsbw8xd.jpg'),
	(245,7,'upload/normal/hmestsajyfx9ywpbiapj.jpg','upload/thumbnail/hmestsajyfx9ywpbiapj.jpg','outlet','2015-03-24 06:52:37','2015-03-24 06:52:37','upload/big/hmestsajyfx9ywpbiapj.jpg'),
	(248,8,'upload/normal/4ndt0xkxxd18d4medyxf.jpg','upload/thumbnail/4ndt0xkxxd18d4medyxf.jpg','outlet','2015-03-24 06:53:00','2015-03-24 06:53:00','upload/big/4ndt0xkxxd18d4medyxf.jpg'),
	(249,9,'upload/normal/mxh6gm8mgvdhiuipygbe.jpg','upload/thumbnail/mxh6gm8mgvdhiuipygbe.jpg','outlet','2015-03-24 06:53:00','2015-03-24 06:53:00','upload/big/mxh6gm8mgvdhiuipygbe.jpg'),
	(250,6,'upload/normal/pobnqaizajnykvaftqx9.jpg','upload/thumbnail/pobnqaizajnykvaftqx9.jpg','outlet','2015-03-24 06:53:00','2015-03-24 06:53:00','upload/big/pobnqaizajnykvaftqx9.jpg'),
	(251,3,'upload/normal/titzcc0mqxtzqjm6n8ap.jpg','upload/thumbnail/titzcc0mqxtzqjm6n8ap.jpg','user','2015-04-18 04:09:16','2015-04-18 04:09:16','upload/big/titzcc0mqxtzqjm6n8ap.jpg');

/*!40000 ALTER TABLE `images` ENABLE KEYS */;
UNLOCK TABLES;


# Dump of table migrations
# ------------------------------------------------------------

DROP TABLE IF EXISTS `migrations`;

CREATE TABLE `migrations` (
  `migration` varchar(255) COLLATE utf8_unicode_ci NOT NULL,
  `batch` int(11) NOT NULL
) ENGINE=InnoDB DEFAULT CHARSET=utf8 COLLATE=utf8_unicode_ci;

LOCK TABLES `migrations` WRITE;
/*!40000 ALTER TABLE `migrations` DISABLE KEYS */;

INSERT INTO `migrations` (`migration`, `batch`)
VALUES
	('2015_03_22_090619_init_database',5),
	('2015_03_23_143239_add_column_to_deals',6),
	('2015_04_18_095458_add_phone_number_to_users',7);

/*!40000 ALTER TABLE `migrations` ENABLE KEYS */;
UNLOCK TABLES;


# Dump of table outlet_descriptions
# ------------------------------------------------------------

DROP TABLE IF EXISTS `outlet_descriptions`;

CREATE TABLE `outlet_descriptions` (
  `id` int(10) unsigned NOT NULL AUTO_INCREMENT,
  `full_description` longtext COLLATE utf8_unicode_ci NOT NULL,
  `summary` longtext COLLATE utf8_unicode_ci,
  `created_at` timestamp NOT NULL DEFAULT '2015-02-26 02:23:00',
  `updated_at` timestamp NOT NULL DEFAULT '2015-02-26 02:23:00',
  PRIMARY KEY (`id`)
) ENGINE=InnoDB DEFAULT CHARSET=utf8 COLLATE=utf8_unicode_ci;

LOCK TABLES `outlet_descriptions` WRITE;
/*!40000 ALTER TABLE `outlet_descriptions` DISABLE KEYS */;

INSERT INTO `outlet_descriptions` (`id`, `full_description`, `summary`, `created_at`, `updated_at`)
VALUES
	(1,'As its name so aptly suggests, S & N Spa Pte Ltd, which was first established in 2003, is set to provide you with gorgeous pampering that will see your body re-energized and your mind refreshed. Conveniently located in the recently opened 488 Changi Road, this CaseTrust accredited beauty centre is incredibly easy to reach and staffed with trained professionals with ample experience in the beauty and wellness industry.','Seek refuge in the calming retreat that we offer at S&N Spa and try out our various massage services that will leave you feeling refreshed and rejuvenated!','2015-02-26 02:23:00','2015-03-24 06:45:07'),
	(2,'Escape the stress and monotony of everyday life with a visit to Tang Dynasty Spa, and indulge yourself in a luxurious Oriental boutique spa experience at affordable prices.\r\n\r\nFirst opened in 2011 at North Bridge Road, the spa successfully expanded to its second branch at Bukit Timah. Here you can enjoy treatment rooms equipped with soft padded beds and private shower cubicles in a beautiful, serene environment. Our customized Oriental massage treatments are carried out by certified Therapists, expert at making you feel as relaxed and comfortable as possible as they knead away the knots and tensions in your body. In the Relaxation Lounge, our Foot Reflexology specialists will also pamper you as you sit back in your armchair while enjoying free wifi and entertainment system. The skills and experience of our therapists combined with their warm and caring personalities, will make sure you rest, relax and rejuvenate fully.\r\n\r\nTang Dynasty Spa is fully committed to providing professional, high-quality service and cleanliness with excellent value. We look forward to serving you with the royal treatment you deserve from head to toes.','Escape the stress and monotony of everyday life with a visit to Tang Dynasty Massage & Spa, and indulge yourself in a luxurious Oriental boutique spa experience at affordable prices. Tang Dynasty Spa is fully committed to providing professional, high-quality service and cleanliness with excellent value. We are open 24 hours, giving you access to a sanctuary of bliss anytime you want around the clock. We look forward to serving you with the royal treatment you deserve from head to toes.','2015-02-26 02:23:00','2015-03-22 08:44:18'),
	(3,'The one stop centre beauty salon dedicated to consistently providing high customers satisfaction by rendering superior personal attention and service, Beautti Slim offers a wide variety of beauty services that are catered to every individuals needs. The salon is committed to enhance their clients appearance with their procurement of highly qualified beauticians and latest equipment provided. Enjoying a full-fledged wellness and mental state of relaxation at the calming atmosphere at acceptable prices and overvalued relationships. \r\n\r\nFor 60 min Full Body Massage, choose 1 from 3 types:\r\nJamu Massage - traditional Javanese reflexology which uses Jamu herbs\r\nSwiss Massage - a relaxing massage that reduces stress\r\nMeridian Infusion Massage - with 5 elements organic oil to balance harmony and health\r\nFor Body Treat, choose 1 from 4 types:\r\nUpper Back Guasha - reduces heatiness and restores normal metabolic processes in the body\r\nHerbal Foot Bath - softens calluses and deodourises soles, relax or invigorate tired feet\r\nHerbal Steam (for female customers only) - reduces water retention, soothes body and mind using steam and essential herbs\r\nBack Cupping - reduces heatiness and draws out toxins out of the body for a cleaner intestinal system\r\nSkilled, experienced therapists\r\nAvailable at 2 convenient locations within walking distance from MRT stations\r\n\r\nOperating Hours\r\n\r\nMonday to Friday: 11am - 9.30pm \r\nSaturday: 10am - 7pm \r\nSunday: 10am - 4pm (Ngee Ann City) \r\nSunday: 11am - 5pm (HarbourFront Centre)','Youth is happy because it has the capacity to see beauty. Anyone who keeps the ability to see beauty never grows old','2015-03-24 06:53:05','2015-03-24 06:53:05');

/*!40000 ALTER TABLE `outlet_descriptions` ENABLE KEYS */;
UNLOCK TABLES;


# Dump of table outlets
# ------------------------------------------------------------

DROP TABLE IF EXISTS `outlets`;

CREATE TABLE `outlets` (
  `id` int(11) unsigned NOT NULL AUTO_INCREMENT,
  `name` varchar(255) COLLATE utf8_unicode_ci NOT NULL,
  `admin_id` int(11) unsigned NOT NULL,
  `address_id` int(10) unsigned DEFAULT NULL,
  `retailer_id` int(10) unsigned DEFAULT NULL,
  `description_id` int(10) unsigned DEFAULT NULL,
  `outlet_register_id` varchar(255) COLLATE utf8_unicode_ci NOT NULL DEFAULT '',
  `website` varchar(255) COLLATE utf8_unicode_ci NOT NULL,
  `phone` varchar(15) COLLATE utf8_unicode_ci DEFAULT NULL,
  `operation_hour` varchar(255) COLLATE utf8_unicode_ci DEFAULT '',
  `rate` float(8,2) DEFAULT NULL,
  `status` enum('new','active','drag') COLLATE utf8_unicode_ci NOT NULL DEFAULT 'new',
  `created_at` timestamp NOT NULL DEFAULT '2015-02-26 09:23:00',
  `updated_at` timestamp NOT NULL DEFAULT '2015-02-26 09:23:00',
  `startTime` varchar(5) COLLATE utf8_unicode_ci DEFAULT NULL,
  `endTime` varchar(5) COLLATE utf8_unicode_ci DEFAULT NULL,
  PRIMARY KEY (`id`),
  KEY `fk_outlet_admin_id_idx` (`admin_id`),
  KEY `fk_outlet_address_id_idx` (`address_id`),
  KEY `fk_outlet_retailer_id_idx` (`retailer_id`),
  KEY `fk_outlet_description_id_idx` (`description_id`),
  CONSTRAINT `fk_oultet_description_id` FOREIGN KEY (`description_id`) REFERENCES `outlet_descriptions` (`id`) ON DELETE NO ACTION ON UPDATE NO ACTION,
  CONSTRAINT `fk_outlet_address_id` FOREIGN KEY (`address_id`) REFERENCES `addresses` (`id`) ON DELETE NO ACTION ON UPDATE NO ACTION,
  CONSTRAINT `fk_outlet_admin_id` FOREIGN KEY (`admin_id`) REFERENCES `users` (`id`) ON DELETE NO ACTION ON UPDATE NO ACTION,
  CONSTRAINT `fk_outlet_retailer_id` FOREIGN KEY (`retailer_id`) REFERENCES `retailers` (`id`) ON DELETE NO ACTION ON UPDATE NO ACTION
) ENGINE=InnoDB DEFAULT CHARSET=utf8 COLLATE=utf8_unicode_ci;

LOCK TABLES `outlets` WRITE;
/*!40000 ALTER TABLE `outlets` DISABLE KEYS */;

INSERT INTO `outlets` (`id`, `name`, `admin_id`, `address_id`, `retailer_id`, `description_id`, `outlet_register_id`, `website`, `phone`, `operation_hour`, `rate`, `status`, `created_at`, `updated_at`, `startTime`, `endTime`)
VALUES
	(1,'S & N Spa Pte Ltd',9,1,1,1,'PL00012','http://www.s-n-spa.com/','6543554546','24',NULL,'active','2015-04-14 20:03:00','2015-04-14 20:03:00','9:00','22:00'),
	(2,'Tang Dynasty Massage & Spa',10,2,2,2,'PL000444','www.tangdynastyspa.com','6543558993','24',NULL,'active','2015-04-14 20:03:00','2015-04-14 20:03:00','9:00','22:00'),
	(3,'Bueatti Slim',9,65,1,3,'A1245664323','http://beauttislim.com.sg/','6562701638','24',NULL,'active','2015-04-14 20:03:00','2015-04-14 20:03:00','9:00','22:00'),
	(4,'Enchanted Spa Retreat ',9,23,1,1,'SG122342','http://enchantedsparetreat.com/','6543554546','24',NULL,'active','2015-04-14 20:03:00','2015-04-14 20:03:00','9:00','22:00'),
	(5,'handy nasty spa',11,55,3,2,'GH22446SDG','http://handynastyspa.com/','6543558993','24',NULL,'active','2015-04-14 20:03:00','2015-04-14 20:03:00','9:00','22:00'),
	(6,'S.Point Beaute De Aesthetics',12,43,4,3,'DGH134DGG','http://www.spointbeaute.com/','6562701638','24',NULL,'active','2015-04-14 20:03:00','2015-04-14 20:03:00','9:00','22:00'),
	(7,'HERBAL FOOTCARE HEALTH & BEAUTY CENTRE ',11,34,3,1,'SDG2246DFG','http://www.herbalfootcare.com/','6543554546','24',NULL,'active','2015-04-14 20:03:00','2015-04-14 20:03:00','9:00','22:00'),
	(8,'HealthFit Massage Therapy',9,33,1,2,'HTR2356DFG','http://www.healthfit.com.sg/','6543558993','24',NULL,'active','2015-04-14 20:03:00','2015-04-14 20:03:00','9:00','22:00'),
	(9,'TD Spa (Thai Traditional Massage)',12,12,4,3,'DGRE2356','http://www.tdspacompany.com/','6562701638','24',NULL,'active','2015-04-14 20:03:00','2015-04-14 20:03:00','9:00','22:00');

/*!40000 ALTER TABLE `outlets` ENABLE KEYS */;
UNLOCK TABLES;


# Dump of table password_reminders
# ------------------------------------------------------------

DROP TABLE IF EXISTS `password_reminders`;

CREATE TABLE `password_reminders` (
  `email` varchar(255) COLLATE utf8_unicode_ci NOT NULL,
  `token` varchar(255) COLLATE utf8_unicode_ci NOT NULL,
  `created_at` timestamp NOT NULL DEFAULT '2015-02-26 02:23:00'
) ENGINE=InnoDB DEFAULT CHARSET=utf8 COLLATE=utf8_unicode_ci;



# Dump of table permission_role
# ------------------------------------------------------------

DROP TABLE IF EXISTS `permission_role`;

CREATE TABLE `permission_role` (
  `id` int(10) unsigned NOT NULL AUTO_INCREMENT,
  `permission_id` int(10) unsigned NOT NULL,
  `role_id` int(10) unsigned NOT NULL,
  PRIMARY KEY (`id`),
  UNIQUE KEY `permission_role_permission_id_role_id_unique` (`permission_id`,`role_id`),
  KEY `permission_role_permission_id_index` (`permission_id`),
  KEY `permission_role_role_id_index` (`role_id`),
  CONSTRAINT `permission_role_permission_id_foreign` FOREIGN KEY (`permission_id`) REFERENCES `permissions` (`id`) ON DELETE CASCADE,
  CONSTRAINT `permission_role_role_id_foreign` FOREIGN KEY (`role_id`) REFERENCES `roles` (`id`) ON DELETE CASCADE
) ENGINE=InnoDB DEFAULT CHARSET=utf8 COLLATE=utf8_unicode_ci;

LOCK TABLES `permission_role` WRITE;
/*!40000 ALTER TABLE `permission_role` DISABLE KEYS */;

INSERT INTO `permission_role` (`id`, `permission_id`, `role_id`)
VALUES
	(1,1,1),
	(2,2,1),
	(3,3,1),
	(4,4,1),
	(5,5,1),
	(6,6,1),
	(7,6,2);

/*!40000 ALTER TABLE `permission_role` ENABLE KEYS */;
UNLOCK TABLES;


# Dump of table permissions
# ------------------------------------------------------------

DROP TABLE IF EXISTS `permissions`;

CREATE TABLE `permissions` (
  `id` int(10) unsigned NOT NULL AUTO_INCREMENT,
  `name` varchar(255) COLLATE utf8_unicode_ci NOT NULL,
  `display_name` varchar(255) COLLATE utf8_unicode_ci NOT NULL,
  PRIMARY KEY (`id`),
  UNIQUE KEY `permissions_name_unique` (`name`),
  UNIQUE KEY `permissions_display_name_unique` (`display_name`)
) ENGINE=InnoDB DEFAULT CHARSET=utf8 COLLATE=utf8_unicode_ci;

LOCK TABLES `permissions` WRITE;
/*!40000 ALTER TABLE `permissions` DISABLE KEYS */;

INSERT INTO `permissions` (`id`, `name`, `display_name`)
VALUES
	(1,'manage_blogs','manage blogs'),
	(2,'manage_posts','manage posts'),
	(3,'manage_comments','manage comments'),
	(4,'manage_users','manage users'),
	(5,'manage_roles','manage roles'),
	(6,'post_comment','post comment');

/*!40000 ALTER TABLE `permissions` ENABLE KEYS */;
UNLOCK TABLES;


# Dump of table promotion
# ------------------------------------------------------------

DROP TABLE IF EXISTS `promotion`;

CREATE TABLE `promotion` (
  `id` int(11) unsigned NOT NULL AUTO_INCREMENT,
  `big` varchar(255) DEFAULT NULL,
  `normal` varchar(255) DEFAULT NULL,
  `thumnail` varchar(255) DEFAULT NULL,
  `short_description` varchar(1000) DEFAULT NULL,
  `long_description` longtext,
  `position` varchar(100) DEFAULT NULL,
  `status` tinyint(1) DEFAULT '1',
  `created_at` timestamp NULL DEFAULT NULL,
  `updated_at` timestamp NULL DEFAULT NULL,
  PRIMARY KEY (`id`)
) ENGINE=InnoDB DEFAULT CHARSET=latin1;



# Dump of table retailers
# ------------------------------------------------------------

DROP TABLE IF EXISTS `retailers`;

CREATE TABLE `retailers` (
  `id` int(10) unsigned NOT NULL AUTO_INCREMENT,
  `admin_id` int(10) unsigned NOT NULL,
  `category_id` int(10) unsigned NOT NULL,
  `address_id` int(10) unsigned NOT NULL,
  `company_register_id` varchar(50) COLLATE utf8_unicode_ci NOT NULL DEFAULT '',
  `name` varchar(255) COLLATE utf8_unicode_ci NOT NULL,
  `website` varchar(255) COLLATE utf8_unicode_ci DEFAULT '',
  `created_at` timestamp NOT NULL DEFAULT '2015-02-26 09:23:00',
  `updated_at` timestamp NOT NULL DEFAULT '2015-02-26 09:23:00',
  PRIMARY KEY (`id`),
  KEY `fk_retailer_admin_id_idx` (`admin_id`),
  KEY `fk_category_id_idx` (`category_id`),
  KEY `fk_address_id_idx` (`address_id`),
  CONSTRAINT `fk_address_id` FOREIGN KEY (`address_id`) REFERENCES `addresses` (`id`) ON DELETE NO ACTION ON UPDATE NO ACTION,
  CONSTRAINT `fk_category_id` FOREIGN KEY (`category_id`) REFERENCES `business_categories` (`id`) ON DELETE NO ACTION ON UPDATE NO ACTION,
  CONSTRAINT `fk_retailer_admin_id` FOREIGN KEY (`admin_id`) REFERENCES `users` (`id`) ON DELETE NO ACTION ON UPDATE NO ACTION
) ENGINE=InnoDB DEFAULT CHARSET=utf8 COLLATE=utf8_unicode_ci;

LOCK TABLES `retailers` WRITE;
/*!40000 ALTER TABLE `retailers` DISABLE KEYS */;

INSERT INTO `retailers` (`id`, `admin_id`, `category_id`, `address_id`, `company_register_id`, `name`, `website`, `created_at`, `updated_at`)
VALUES
	(1,9,1,1,'PL00002','S & N Spa Pte Ltd','www.s-n-spa.com','2015-04-14 20:03:00','2015-04-14 20:03:00'),
	(2,10,2,2,'GL0003','Tang Dynasty Massage & Spa','www.tangdynastyspa.com','2015-04-14 20:03:00','2015-04-14 20:03:00'),
	(3,11,1,12,'SG134624563w','HERBAL FOOTCARE HEALTH & BEAUTY CENTRE ','http://www.herbalfootcare.com/','2015-04-14 20:03:00','2015-04-14 20:03:00'),
	(4,12,3,48,'SGX13566ER','S.Point Beaute De Aesthetics','http://www.spointbeaute.com/','2015-04-14 20:03:00','2015-04-14 20:03:00');

/*!40000 ALTER TABLE `retailers` ENABLE KEYS */;
UNLOCK TABLES;


# Dump of table roles
# ------------------------------------------------------------

DROP TABLE IF EXISTS `roles`;

CREATE TABLE `roles` (
  `id` int(10) unsigned NOT NULL AUTO_INCREMENT,
  `name` varchar(255) COLLATE utf8_unicode_ci NOT NULL,
  `created_at` timestamp NOT NULL DEFAULT '2015-02-26 02:23:00',
  `updated_at` timestamp NOT NULL DEFAULT '2015-02-26 02:23:00',
  PRIMARY KEY (`id`)
) ENGINE=InnoDB DEFAULT CHARSET=utf8 COLLATE=utf8_unicode_ci;

LOCK TABLES `roles` WRITE;
/*!40000 ALTER TABLE `roles` DISABLE KEYS */;

INSERT INTO `roles` (`id`, `name`, `created_at`, `updated_at`)
VALUES
	(1,'admin','0000-00-00 00:00:00','0000-00-00 00:00:00'),
	(2,'retailer','0000-00-00 00:00:00','0000-00-00 00:00:00'),
	(3,'user','0000-00-00 00:00:00','0000-00-00 00:00:00');

/*!40000 ALTER TABLE `roles` ENABLE KEYS */;
UNLOCK TABLES;


# Dump of table service_conditions
# ------------------------------------------------------------

DROP TABLE IF EXISTS `service_conditions`;

CREATE TABLE `service_conditions` (
  `id` int(10) unsigned NOT NULL AUTO_INCREMENT,
  `special_condition` longtext COLLATE utf8_unicode_ci,
  `condition1` longtext COLLATE utf8_unicode_ci NOT NULL,
  `condition2` longtext COLLATE utf8_unicode_ci,
  `created_at` timestamp NOT NULL DEFAULT '2015-02-26 02:23:00',
  `updated_at` timestamp NOT NULL DEFAULT '2015-02-26 02:23:00',
  PRIMARY KEY (`id`)
) ENGINE=InnoDB DEFAULT CHARSET=utf8 COLLATE=utf8_unicode_ci;

LOCK TABLES `service_conditions` WRITE;
/*!40000 ALTER TABLE `service_conditions` DISABLE KEYS */;

INSERT INTO `service_conditions` (`id`, `special_condition`, `condition1`, `condition2`, `created_at`, `updated_at`)
VALUES
	(1,'<p>Fine Print</p>\r\n\r\n<ul>\r\n	<li><strong>Valid till 23 Jun 2015</strong></li>\r\n	<li><strong>Limit 1 Groupon per person</strong></li>\r\n	<li>Valid for customers 23 years and above</li>\r\n	<li>Valid for Singaporeans, PRs, EP and DP holders</li>\r\n	<li>Valid for first time facial customers at Spa Symphony and those who have not visited in the past 12 months</li>\r\n	<li>Not valid for existing package holders</li>\r\n	<li>Max. 3 pax per slot</li>\r\n</ul>\r\n','<p>&nbsp;</p>\r\n\r\n<ul>\r\n</ul>\r\n\r\n<p>Punctuality : Please arrive at the spa at least 15 minutes before the appointment time. Late arrival may result in shortening of the treatment time, as the spa needs to cater to the next customer. Should you be expected to be late, please contact the spa consultant earlier so that appropriate adjustment may be made. Please note that for all appointments made, the spa will wait for the customer for a maximum of 15 mins from the appointment time. Beyond that, the spa will give the slot up for other customers. Thus please help by contacting us at least half an hour before, should you be late for the appointment or wish to cancel it.</p>\r\n','<ul>\r\n	<li>\r\n	<h3>Redemption Instructions</h3>\r\n	</li>\r\n	<li><strong>Appointment required</strong></li>\r\n	<li>Call 6636 8878, SMS 9035 8833 or email<a href=\"mailto:313@spasymphony.com.sg\" target=\"_blank\">313@spasymphony.com.sg</a>&nbsp;and quote &#39;Groupon promotion&#39;</li>\r\n	<li><strong>Valid ID MUST be presented</strong></li>\r\n	<li>Cancellations and amendments allowed at least 1 day in advance</li>\r\n</ul>\r\n','2015-02-26 02:23:00','2015-03-24 01:33:23'),
	(2,'<p>Appointment Booking : To help the spa better schedule our appointments so that you can have your desired time slot and therapist, we recommend that our customers contact us at least 3 days before their preferred treatment date. While we may not be able to guarantee that we can accommodate your desired slot, we will do our utmost to commit our resources to meet your preferred schedule and therapist.</p>\r\n\r\n<h3>Redemption Instructions</h3>\r\n\r\n<ul>\r\n	<li><strong>Appointment required</strong></li>\r\n	<li>Call&nbsp;6238 6890 and quote Groupon security code</li>\r\n	<li><strong>Valid ID MUST be presented</strong></li>\r\n	<li>Cancellations and amendments allowed, at least 24 hours in advance</li>\r\n</ul>\r\n','<p>Smoking/Food/Drinks : Please note that smoking is prohibited in the spa, in accordance to Singapore Law. No outside food or drinks is allowed in the spa.<br />\r\n&nbsp;</p>\r\n\r\n<ul>\r\n	<li>Valid for first time customers of RN Spa, 23 years and above</li>\r\n	<li>Valid for Singaporeans, PRs, EP and DP holders only</li>\r\n	<li>Not valid for existing package holders</li>\r\n	<li>Not valid with other promotions and discounts</li>\r\n</ul>\r\n','<p>Mobile Phones and Gadgets : As all our customers come to the spa for relaxation and rejuvenation purposes, we will appreciate that our customers can refrain from speaking loudly in the spa. Mobile phones and electronic gadgets are discouraged from being brought into the treatment areas. If it is necessary to bring them into the treatment room, please switch to silent mode. Please respect the privacy of all our customers.</p>\r\n','2015-02-26 02:23:00','2015-03-31 09:19:12'),
	(3,'<p>Personal Belongings : Our staff will guide you to change into the appropriate attire prior to the start of the treatment. Please keep all your valuables within the lockers provided. We discourage our customers from wearing or bringing jewellery/valuables during your spa visit as they may need to be removed for the treatment. The spa will not take responsibility of any losses of valuables within the spa.<br />\r\n&nbsp;</p>\r\n\r\n<h3>Redemption Instructions</h3>\r\n\r\n<ul>\r\n	<li><strong>Appointment required</strong></li>\r\n	<li>Call 6845 1161 and quote &quot;Groupon12&quot; or</li>\r\n	<li>Email hi@smbook.com<br />\r\n	with:\r\n	<ul>\r\n		<li>Name</li>\r\n		<li>Contact number</li>\r\n		<li>Preferred treatment</li>\r\n		<li>Preferred appointment date and time</li>\r\n		<li>Attached Groupon</li>\r\n	</ul>\r\n	</li>\r\n	<li>Cancellations and amendments allowed, at least 24 hours in advance</li>\r\n	<li>Customers are advised to arrive 10 min prior to scheduled appointment</li>\r\n	<li><strong>Valid ID MUST be presented</strong></li>\r\n</ul>\r\n','<ul>\r\n	<li>Valid for customers 23 years and above</li>\r\n	<li>Valid for Singaporeans and PRs only</li>\r\n	<li>Valid for first time customers and those who have not visited Amarin Spa in the past 12 months</li>\r\n	<li>Not valid for existing package holders</li>\r\n	<li>Not valid with other promotions, discounts and gift vouchers</li>\r\n	<li>Not valid for appointments on 18-20 Feb 2015</li>\r\n	<li>For request of Couple&#39;s Room, surcharge of $25 applies for appointments Mon-Fri before 5pm (excluding eve of and on PH), and surcharge of $38 applies for all other time slots (payable directly to merchant)</li>\r\n	<li>Max. 3 pax per time slo</li>\r\n</ul>\r\n\r\n<p>Medical Conditions : If you are feeling unwell, are pregnant, have high blood pressure, allergies or any other medical complaints or condition, please inform our spa consultant/therapist. This will help us recommend appropriate treatments or take necessary precautions. Please note that all treatments are taken at your own risk. If you have any doubt, please consult your doctor in advance.</p>\r\n','<p>Customer Information : Customers will need to provide customer information to enable the spa to perform internal administration and marketing activities such as contacting customers, billing etc. Customers also need to fill up a simple health questionnaire to help the spa assess your health conditions so that we are able to recommend the appropriate spa treatment for you. Please be assured that we will treat the customer information as confidential information and use the information only for the purpose of internal administration, internal marketing and monitoring purposes.</p>\r\n','2015-02-26 02:23:00','2015-03-24 02:14:55'),
	(4,'<p>Clientele : The spa offers services to both male and female clients. Separate treatment rooms (with attached shower facilities) are available for both genders.</p>\r\n\r\n<ul>\r\n	<li>Valid for customers 21 years and above</li>\r\n	<li>Valid for Singaporeans, PRs, EP, SP, DP and WP holders only</li>\r\n	<li>Valid for first time customers&nbsp;and those who have not visited Z Spa&nbsp;in the past 6 months</li>\r\n	<li>Top up of $20 per person and per massage session required for customers who have visited Z Spa in the past 6 months</li>\r\n	<li>Top up of $10 required for couple room</li>\r\n	<li>Massage and Body Treat have to be utilised on same day</li>\r\n	<li>For Two Pax&nbsp;options, both must book&nbsp;same&nbsp;appointment&nbsp;slot</li>\r\n	<li>Not valid for existing package holders</li>\r\n	<li>Not valid for appointments on 14 Feb 2015</li>\r\n</ul>\r\n','<p>Punctuality : Please arrive at the spa at least 15 minutes before the appointment time. Late arrival may result in shortening of the treatment time, as the spa needs to cater to the next customer. Should you be expected to be late, please contact the spa consultant earlier so that appropriate adjustment may be made. Please note that for all appointments made, the spa will wait for the customer for a maximum of 15 mins from the appointment time. Beyond that, the spa will give the slot up for other customers. Thus please help by contacting us at least half an hour before, should you be late for the appointment or wish to cancel it.</p>\r\n','<p>reatment Selection : The spa seeks the understanding of customers to refrain from changing their mind about the type of treatment they want after informing the spa consultant or therapist as some of the treatments require ingredient preparation and once the ingredients are prepared, we are unable to change the treatment for you.</p>\r\n','2015-02-26 02:23:00','2015-03-24 02:16:15');

/*!40000 ALTER TABLE `service_conditions` ENABLE KEYS */;
UNLOCK TABLES;


# Dump of table service_details
# ------------------------------------------------------------

DROP TABLE IF EXISTS `service_details`;

CREATE TABLE `service_details` (
  `id` int(10) unsigned NOT NULL AUTO_INCREMENT,
  `summary` longtext COLLATE utf8_unicode_ci NOT NULL,
  `highlights` longtext COLLATE utf8_unicode_ci,
  `created_at` timestamp NULL DEFAULT '2015-02-26 02:23:00',
  `updated_at` timestamp NULL DEFAULT '2015-02-26 02:23:00',
  PRIMARY KEY (`id`)
) ENGINE=InnoDB DEFAULT CHARSET=utf8 COLLATE=utf8_unicode_ci;

LOCK TABLES `service_details` WRITE;
/*!40000 ALTER TABLE `service_details` DISABLE KEYS */;

INSERT INTO `service_details` (`id`, `summary`, `highlights`, `created_at`, `updated_at`)
VALUES
	(1,'<p>uses soothing, tapping and kneading strokes to work the entire body, relieving muscle tension and loosening sore joints. Swedish massage therapists use five basic strokes, which anyone can learn and use on themselves and others. They are effleurage (stroking); petrissage (muscles are lightly grabbed and lifted); friction (thumbs and fingertips work in deep circles into the thickest part of muscles); tapotement (chopping, beating, and tapping strokes); and vibration (fingers are pressed or flattened firmly on a muscle, then the area is shaken rapidly for a few seconds)<br />\r\n<img alt=\"coupon from z spa Singapore City\" src=\"http://static.sg.groupon-content.net/79/48/1422265574879.jpg\" /></p>\r\n\r\n<h3>The Merchant</h3>\r\n\r\n<p>Claim back some lost &lsquo;Z&rsquo;s at Z Spa, where the team of beauticians and massage therapists are ready to put you into full relax mode with their skillful hands that can induce a state of peace and calm. Choose from a wide range of services, from shiatsu massages that activate pressure points, to pre and post natal massages for expectant and new mothers; or keep up youthful appearances with their many facials, milk baths and moisturising body wraps.<br />\r\n&nbsp;</p>\r\n\r\n<h3>Operating Hours</h3>\r\n\r\n<p>Daily: 11am - 9pm</p>\r\n','<p>Highlights</p>\r\n\r\n<ul>\r\n	<li><strong>For 60 min Full Body Massage, choose 1 from 3 types:</strong>\r\n\r\n	<ul>\r\n		<li>Swedish - long, gliding kneads help ease nagging muscle and joint pains</li>\r\n		<li>Aromatherapy - uses essential oils to rejuvenate senses through therapeutic strokes</li>\r\n		<li>Fusion - customised to speed up the healing process that the body needs</li>\r\n	</ul>\r\n	</li>\r\n	<li><strong>For 20 min Body Treat, choose 1 from 4 types:</strong>\r\n	<ul>\r\n		<li>Back Scrub - sloughs away dead skin cells to make for smoother and silkier skin</li>\r\n		<li>Jamu Wrap - reduces bloating while toning and trimming the tummy</li>\r\n		<li>Herbal Ball - eliminates unwanted toxins and calms hyperactive nerves</li>\r\n		<li>G5 Slimming for Thighs - promotes blood circulation using a vibrating device that aids in weight loss and softens and lightens cellulite</li>\r\n	</ul>\r\n	</li>\r\n	<li>Stimulate the body&rsquo;s lymphatic system and improve blood circulation</li>\r\n	<li>Relax and rejuvenate the body</li>\r\n	<li>Skilled and friendly therapists</li>\r\n	<li>Cosy location in Serangoon Garden with nearby parking available</li>\r\n</ul>\r\n','2015-02-26 02:23:00','2015-03-24 02:14:55'),
	(2,'<p>targets chronic tension in muscles that lie far below the surface of your body. You have five layers of muscle in your back, for instance, and while Swedish massage may help the first couple of layers, it won&rsquo;t do much directly for the muscle underneath. Deep muscle techniques usually involve slow strokes, direct pressure or friction movements that go across the grain of the muscles. Massage therapists will use their fingers, thumbs or occasionally even elbows to apply the needed pressure.</p>\r\n\r\n<h3>The Merchant</h3>\r\n\r\n<p>Located within the award-winning, five-star luxury Marina Mandarin Hotel, Amarin Spa is a superior total wellness and relaxation haven, delicately combining the timeless wisdom of healing arts with the very best of contemporary spa treatments.<br />\r\n<br />\r\n<img src=\"https://img.grouponcdn.com/deal/4qBiPXZWKHPbjppL72Ew/t620x376/fN-700x420.jpg\" style=\"margin:0px; width:100%\" /><br />\r\n<br />\r\n<img src=\"https://img.grouponcdn.com/deal/qeU7PpnjwCKgCD1yTg1Y/t620x376/Bk-700x420.jpg\" style=\"margin:0px; width:100%\" /><br />\r\n&nbsp;</p>\r\n\r\n<h3>Operating Hours</h3>\r\n\r\n<p>Monday to Friday: 10am - 10pm (Last Appointment 8pm)&nbsp;<br />\r\nSaturday, Sunday and Public Holiday: 10am - 7.30pm (Last Appointment 5.30pm)</p>\r\n','<p>Highlights</p>\r\n\r\n<ul>\r\n	<li><strong>Swedish Massage</strong>&nbsp;uses light to medium pressure massage with effleurage strokes to soothe tensed muscles and rejuvenate the body</li>\r\n	<li><strong>Deep Tissue</strong>&nbsp;applies stronger pressure massage technique to &ldquo;unlock&rdquo; tension in the stiff muscle tissues and joint pain</li>\r\n	<li><strong>Ginseng Wellness Massage</strong>&nbsp;is an invigorating body massage using balm with premium Ginseng extract to stimulate the immune system, restore mental alertness, firm skin and reduce premature aging</li>\r\n	<li><strong>Manual Lymphatic Drainage Massage</strong>&nbsp;improves skin conditions like cellulite, eczema, redness and acne, and reduces pain and swelling, puffiness caused by water retention</li>\r\n	<li><strong>Tension Relief Therapy</strong>&nbsp;aids in relieving muscle tension and discomfort in the body</li>\r\n	<li>Heat Blanket eliminates waste and toxins</li>\r\n	<li>Steam Bath opens pores, increases circulation for a relaxing and healthy experience</li>\r\n	<li>Exclusive and posh spa ambience with spacious treatment rooms</li>\r\n	<li>Qualified body therapists with spa industry certifications</li>\r\n	<li>Conveniently located near Esplanade (5 min walk) and City Hall MRT (10 min walk) MRT stations</li>\r\n</ul>\r\n','2015-02-26 02:23:00','2015-03-24 02:04:33'),
	(3,'<p><br />\r\nis designed to help you train better, whether you&rsquo;re a world champion or a weekend warrior. The techniques are similar to those in Swedish and deep tissue massage, but Greene says sports massage has been adapted to meet the athlete&rsquo;s special needs. Pre-event massage can help warm up muscles and improve circulation before competition, but it can also energize or relax an athlete and help him focus on the competition. Post-event massage can push waste products out of the body and improve recovery.<br />\r\n&nbsp;</p>\r\n\r\n<h3>The Merchant</h3>\r\n\r\n<p>As its name so aptly suggests, Indulge Skin &amp; Body Lab, which was first established in 2003, is set to provide you with gorgeous pampering that will see your body re-energized and your mind refreshed. Conveniently located in the recently opened Star Vista, just next to Buona Vista MRT, this CaseTrust accredited beauty centre is incredibly easy to reach and staffed with trained professionals with ample experience in the beauty and wellness industry.&nbsp;</p>\r\n\r\n<p>&nbsp;<img alt=\"coupon from Indulge Skin &amp; Body Lab Singapore City\" src=\"http://static.sg.groupon-content.net/17/09/1421391400917.jpg\" /></p>\r\n\r\n<p><strong>For 60 min Full Body Massage, choose 1 from 4 types:</strong></p>\r\n\r\n<ul>\r\n	<li>Swedish - long, gliding strokes direct blood back to the heart for instant rejuvenation</li>\r\n	<li>Meridian Drainage - relaxes muscles, improves blood circulation and stimulates metabolic processes</li>\r\n	<li>Lymphatic Drainage - helps with ridding the body of toxins and broken down fat cells</li>\r\n	<li>Acupoint - uses the body&rsquo;s natural energy to promote metabolism, purge toxins and relieve water retention&nbsp;<br />\r\n	&nbsp;</li>\r\n</ul>\r\n\r\n<p><strong>60 min Lymphatic Detox Treatment includes:</strong></p>\r\n\r\n<ul>\r\n	<li>Back Therapy - speeds up healing for acne prone skin, reduce blemishes, and controls oil secretion</li>\r\n	<li>Guasha - improves &lsquo;Qi&rsquo; flows and relieves nagging muscle tension</li>\r\n	<li>Moxibustion Treatment - Clears blockages within vessels and muscles while increasing blood supply</li>\r\n	<li>Qi Cupping Therapy - draws out unwanted toxins out of the body for a fresher feeling inside and out</li>\r\n	<li>Lymphatic Drainage Therapy - rids the body of toxins and breaks down fat cells</li>\r\n	<li>Essential Oil Therapy - affords pain relief and increased circulation using relaxing essential&nbsp;</li>\r\n</ul>\r\n','<p>&nbsp;</p>\r\n\r\n<p>Highlights</p>\r\n\r\n<ul>\r\n	<li><strong>For 60 min Full Body Massage, choose 1 from 4 types:</strong>\r\n\r\n	<ul>\r\n		<li>Swedish</li>\r\n		<li>Meridian Drainage</li>\r\n		<li>Lymphatic Drainage</li>\r\n		<li>Acupoint</li>\r\n	</ul>\r\n	</li>\r\n	<li><strong>60 min Lymphatic Detox Treatment includes:</strong>\r\n	<ul>\r\n		<li>Back Therapy</li>\r\n		<li>Guasha</li>\r\n		<li>Moxibustion Treatment</li>\r\n		<li>Qi Cupping Therapy</li>\r\n		<li>Lymphatic Drainage Therapy</li>\r\n		<li>Essential Oil Therapy</li>\r\n	</ul>\r\n	</li>\r\n	<li>Professionally trained therapists</li>\r\n	<li>Located at The Star Vista, within walking distance from Buona Vista MRT</li>\r\n</ul>\r\n','2015-02-26 02:23:00','2015-03-24 02:16:15'),
	(4,'<p>is a form of deep tissue massage that is applied to individual muscles. It is used to increase blood flow, reduce pain and release pressure on nerves caused by injuries to muscles and other soft tissue. Neuromuscular massage helps release trigger points, intense knots of tense muscle can also &ldquo;refer&rdquo; pain to other parts of the body. Relieving a tense trigger point in your back, for example, could help ease pain in your shoulder or reduce headaches.</p>\r\n\r\n<h3>The Deal</h3>\r\n\r\n<p><strong>For Full Body Massage, choose 1 from 6 types:</strong></p>\r\n\r\n<ul>\r\n	<li><strong>Aromatherapy Massage</strong>&nbsp;- breathe in fragrant essential oils as muscle and joint stress are kneaded away by relaxing strokes</li>\r\n	<li><strong>Deep Tissue Massage</strong>&nbsp;- rejuvenates weary bodies and improves mobility, posture and physical performance.</li>\r\n	<li><strong>Swedish Massage</strong>&nbsp;- uses long, gliding strokes that gently knead away kinks and knots in muscles.</li>\r\n	<li><strong>Detox Massage</strong>&nbsp;- locates and susses out knotted muscles while ridding physiques of unwanted toxins</li>\r\n	<li><strong>Crevice Massage</strong>&nbsp;- focuses on the abdominal area to expel winds in the stomach and provides women&rsquo;s uterine and ovary protection</li>\r\n	<li><strong>Hot Stone Massage</strong>&nbsp;- positions smooth, heated stones on backsides to enhance blood circulation and relieve muscle tension&nbsp;<br />\r\n	&nbsp;</li>\r\n</ul>\r\n\r\n<h3>The Merchant</h3>\r\n\r\n<p>Highly respected and renowned as one of the leading wellness hubs in the industry since 2008, Pure Angel Spa specialises in unfiltered relaxation, rejuvenation, and result-driven beauty treatments. This cosily inviting urban retreat also boasts owning state-of-the art equipment and housing highly qualified staff for a truly heavenly experience. Comprehensive beauty services include nourishing face and body treatments, rejuvenating massages and wow-worthy slimming solutions.&nbsp;<br />\r\n<br />\r\n<img src=\"https://img.grouponcdn.com/deal/jvdbLr8WqedynbyheCKC/t620x376/5K-700x420.jpg\" style=\"margin:0px; width:100%\" /><br />\r\n&nbsp;</p>\r\n\r\n<h3>Operating Hours</h3>\r\n\r\n<p>Monday to Friday: 11am - 9pm&nbsp;<br />\r\nSaturday: 10am - 9pm&nbsp;<br />\r\nSunday: 10am - 6pm&nbsp;<br />\r\nPublic Holiday: 10am - 5pm</p>\r\n','<p>Highlights</p>\r\n\r\n<ul>\r\n	<li><strong>For Full Body Massage, choose 1 from 6 types:</strong>\r\n\r\n	<ul>\r\n		<li>Aromatherapy Massage</li>\r\n		<li>Deep Tissue massage</li>\r\n		<li>Swedish Massage</li>\r\n		<li>Detox Massage</li>\r\n		<li>Crevice Massage</li>\r\n		<li>Hot Stone Massage</li>\r\n	</ul>\r\n	</li>\r\n	<li>Improves blood circulation, relieves muscle aches and reduces stress</li>\r\n	<li>Professional therapists with industrial certificates</li>\r\n	<li>Available in 2 convenient locations country-wide</li>\r\n</ul>\r\n','2015-02-26 02:23:00','2015-03-24 02:09:08'),
	(5,'<h3>The Deal</h3>\r\n\r\n<p><strong>For 60 min Tuina TCM Full Body Massage, choose 1 from 5 types:</strong></p>\r\n\r\n<ul>\r\n	<li>Tuina Massage - medically pampering massage style involving specialised pushing and grasping moves</li>\r\n	<li>Sports Injury Massage - relieves muscle pains and regains sports performance and fitness</li>\r\n	<li>Meridian Acupoint Massage - aids in detoxification, reduces congestion and increases metabolism</li>\r\n	<li>Deep Tissue Massage - combines stretching and strong compression techniques to alleviate muscle stress</li>\r\n	<li>Pains &amp; Aches Probing Massage - targets nagging pain areas and melts away any traces of discomfort&nbsp;<br />\r\n	&nbsp;</li>\r\n</ul>\r\n\r\n<p><strong>For 20 min Body Treatment, choose 1 from 3 types:</strong></p>\r\n\r\n<ul>\r\n	<li>Cupping - boosts energy flow and clears stagnant blood</li>\r\n	<li>GuaSha - eliminates impurities and removes blood stagnation</li>\r\n	<li>Acupuncture - relieves pain, stress, insomnia, migraines and high blood pressure&nbsp;<br />\r\n	&nbsp;</li>\r\n</ul>\r\n\r\n<h3>The Merchant</h3>\r\n\r\n<p>Established in 1997 as Singapore&rsquo;s first integrated Traditional Chinese Medicine and healthcare centre, Chinese Medical Centre is fast becoming a one-stop place for a variety of quality services related to Chinese medicine, healthcare massage, and acupuncture. World-weary patrons can take a step back in time and tap on the experience and knowledge of a team of TCM veterans who will provide one with &ldquo;World-class standard&rdquo; remedies and more. With a Comprehensive Management Networking System up and running, the road to wellness is just a click away as patrons can now make a booking online.&nbsp;<br />\r\n<br />\r\n<img src=\"https://img.grouponcdn.com/deal/8BKCyLVPfMqhyj2hdWS4/t620x376/fE-700x420.jpg\" style=\"margin:0px; width:100%\" /><br />\r\n<img alt=\"coupon from Chinese Medical Centre Spa &amp; Wellness\" src=\"http://static.sg.groupon-content.net/89/56/1426648075689.jpg\" /></p>\r\n\r\n<h3>Operating Hours</h3>\r\n\r\n<p>Daily: 10am - 8.30pm&nbsp;<br />\r\nClosed on Public Holiday</p>\r\n','<p>Highlights</p>\r\n\r\n<ul>\r\n	<li><strong>For 60 min Tuina TCM Full Body Massage, choose 1 from 5 types:</strong>\r\n\r\n	<ul>\r\n		<li>Tuina Massage</li>\r\n		<li>Sports Injury Massage</li>\r\n		<li>Meridian Acupoint Massage</li>\r\n		<li>Deep Tissue Massage</li>\r\n		<li>Pains &amp; Aches Probing Massage</li>\r\n	</ul>\r\n	</li>\r\n	<li><strong>90 min TCM Wellness Treatments include:</strong>\r\n	<ul>\r\n		<li>60 min Tuina TCM Full Body Massage</li>\r\n		<li>10 min TCM Wellness Pulse Consultation Analysis</li>\r\n		<li>20 min Body Treatment</li>\r\n	</ul>\r\n	</li>\r\n	<li><strong>For 20 min Body Treatment, choose 1 from 3 types:</strong>\r\n	<ul>\r\n		<li>Cupping</li>\r\n		<li>GuaSha</li>\r\n		<li>Acupuncture</li>\r\n	</ul>\r\n	</li>\r\n	<li>Experience the revitalising properties of traditional Chinese medical treatment</li>\r\n	<li>Personalised treatments based on diagnosis</li>\r\n	<li>Holistic treatment from knowledgeable therapists</li>\r\n	<li>Available at 8 convenient locations islandwid</li>\r\n</ul>\r\n','2015-02-26 02:23:00','2015-03-24 06:30:40'),
	(6,'<h3>The Merchant</h3>\r\n\r\n<p>Centrally located in town, RN Spa is a one-stop solution for one&rsquo;s beauty and wellness needs. The friendly and trained therapists are experienced professionals who are dedicated in placing a customer&rsquo;s wellness as their priority. The salon houses a myriad of treatments available for the face, body and feet, as well as increasingly popular cupping and candling treatments.<br />\r\n<br />\r\n<img src=\"https://img.grouponcdn.com/deal/iLsc4zhkE6rZtLfP5ASV/t620x376/6F-700x420.jpg\" /><img src=\"https://img.grouponcdn.com/deal/cW2b4tjp4pYDN55CopXv/t620x376/Po-700x420.jpg\" /></p>\r\n','<p>Highlights</p>\r\n\r\n<ul>\r\n	<li><strong>Green Ocha Massage</strong>&nbsp;is a green tea infused, body relief massage for the ultimate relaxing experience</li>\r\n	<li><strong>Chimu Body Harmoniser Massage</strong>\r\n	<ul>\r\n		<li>Holistic body and womb harmonising remedy combines healing properties of traditional herbs</li>\r\n		<li>Promotes good gynecologic health, strengthens body&rsquo;s immune system and achieves hormonal balance</li>\r\n		<li>Increases blood circulation to uterus and regulates menstrual cycle</li>\r\n	</ul>\r\n	</li>\r\n	<li>Rejuvenating treatments that help improve blood circulation, as well as overall well-being</li>\r\n	<li>Wellness of customers is a priority</li>\r\n	<li>19 treatment ensuites, sprawling 6200 square feet</li>\r\n	<li>Modern technology in comfortable, rustic setting</li>\r\n	<li>Located near Somerset and Dhoby Ghaut MRT stations</li>\r\n</ul>\r\n','2015-02-26 02:23:00','2015-03-24 01:52:28'),
	(7,'<p>focuses on the skull and spinal column. Therapists use very gently pressure no more than the weight of a nickel to massage the bones, membranes and fluids that support and bathe your skull and spinal column. The theory is that these manipulations will reduce tension and counteract any physical trauma you may have experienced to your head over the years<br />\r\n&nbsp;</p>\r\n\r\n<h3>The Deal</h3>\r\n\r\n<p><strong>For Facial, choose 1 from 3 types:</strong></p>\r\n\r\n<ul>\r\n	<li>Signature Brightening Facial - thoroughly clears pores to achieve a noticeably luminous glow</li>\r\n	<li>Signature Collagen Facial - stimulates skin tissue repair and collagen regeneration for better, taut skin</li>\r\n	<li>Signature RF Facial - utilises radio frequency waves that lifts and firms up saggy skin naturally&nbsp;<br />\r\n	&nbsp;</li>\r\n</ul>\r\n\r\n<p><strong>For Massage, choose 1 from 3 types:</strong></p>\r\n\r\n<ul>\r\n	<li>Salt Stone Massage - cools off body while relieving discomfort associated with hot temperatures or hot flashes</li>\r\n	<li>Balinese Massage - stimulates the nervous system, which enhances moods, as well as heightens the sense of wellness</li>\r\n	<li>Hot Oil Massage - soothes, relaxes and alleviates nagging muscle tensions&nbsp;<br />\r\n	&nbsp;</li>\r\n</ul>\r\n\r\n<p><strong>For Treat, choose between 2 types:</strong></p>\r\n\r\n<ul>\r\n	<li>Ear Candling - relieves sinus pressure and pain, as well as helps in lymphatic circulation</li>\r\n	<li>Hot Stone Eye Treatment - diminishes puffiness of the eyes and tension lines&nbsp;<br />\r\n	&nbsp;</li>\r\n</ul>\r\n\r\n<h3>The Merchant</h3>\r\n\r\n<p>Offering the perfect blend of face and body pampering treats, Belle De Beaute beauty and wellness salon delights patrons with a variety of treatments and services fit for royalty. Kick back and relax at the luxurious spa and have tense knots and muscles relieved with a full body massage, a facial for supply skin to resurface, or spa session and be rejuvenated in no time. Housed with professionally trained beauty and wellness therapists, the spa offers patrons a relaxing and therapeutic environment.&nbsp;<br />\r\n&nbsp;</p>\r\n\r\n<h3>Operating Hours</h3>\r\n\r\n<p>Monday to Friday: 11am - 8.30pm (Last appointment: 6pm)&nbsp;<br />\r\nSaturday and Sunday: 10.30am - 7pm (Last appointment: 4pm)</p>\r\n','<p>Highlights</p>\r\n\r\n<ul>\r\n	<li><strong>2.5 Hr Relaxing Spa Indulgence includes:</strong>\r\n\r\n	<ul>\r\n		<li>60 min Massage</li>\r\n		<li>60 min Facial</li>\r\n		<li>30 min Treat</li>\r\n	</ul>\r\n	</li>\r\n	<li>Rejuvenate body, mind and soul with an indulgent spa package</li>\r\n	<li>Aids in deep relaxation, improved sleep and restore the balance of the central nervous system</li>\r\n	<li>Skilled and professional therapists</li>\r\n	<li>Located along Tampines Street, 2 minutes away from Tampines Interchange by bus</li>\r\n	<li>CaseTrust certified</li>\r\n</ul>\r\n','2015-02-26 02:23:00','2015-03-31 09:19:12'),
	(8,'<p>Spa Symphony&rsquo;s customized facial uses natural and organic ingredients from France. Choose from 3 customized facials that are designed to tackle specific beauty and skin needs. For those suffering from dull and dry skin, Shea Hydration Facial is guaranteed to nourish and hydrate the skin to relieve tightness and fine lines. Put a brake on ageing with Centella Collagen Facial, where fines lines are smoothed and plumped, leaving one with a youthful glow. Lastly, Geranium Whitening Facial is designed to moisturize, firm and brighten skin to a radiant glow, suitable for those with dull and uneven skin tone.&nbsp;<br />\r\n&nbsp;</p>\r\n\r\n<p><strong>Detox Therapy (with facial)</strong><br />\r\n<br />\r\nEnjoy 2 additional therapies in the sensory room - Chromotherapy + Whole Body Vibration Therapy&nbsp;<br />\r\n<br />\r\nChromotherapy (Color Therapy) is a form of &lsquo;vibrational&rsquo; healing therapy that utilizes the beneficial effects of different colors to aid healing. Choose the color that suits your current mood and enjoy its unique healing properties in the sensory room. Body Vibration Therapy is designed to de-stress, improve detoxification and blood circulation resulting in bringing back that natural glow in one&rsquo;s skin.&nbsp;<br />\r\n<br />\r\n<strong>De-Stress Eye Treatment with Advanced Machine Add-on (with facial)</strong>&nbsp;<br />\r\nGet rid of unsightly dark circles, eye bags and under eye wrinkles with this Bright Eye Treatment tailored to prevent premature aging by restoring collagen production while retaining the essential moisture around the eye area.&nbsp;<br />\r\n<br />\r\n<strong>Advanced Machine Add-on, choice of one:</strong>&nbsp;<br />\r\n&nbsp;</p>\r\n\r\n<ul>\r\n	<li><strong>Light Heat Energy (LHE)</strong><br />\r\n	State-of-the-art technology, Light Heat Energy (LHE) uses pulsed light and heat energy to lighten pigmented spots and vascular lesions while decreasing pore size, erasing fine lines and wrinkles. LHE photo-rejuvenation is also effective for homogenizing skin tone, collagen renewal and skin tightening.&nbsp;<br />\r\n	&nbsp;</li>\r\n	<li><strong>Diamond Microdermabrasion</strong><br />\r\n	Non-invasive exfoliating technique works to remove the outermost layer of dead skin cells from the epidermis resulting in the removal of fine lines and wrinkles; helps to smooth textured skin; reduces scarring; decreases pore size and lightens superficial hyperpigmentation, commonly known as age spots. Diamond Microdermabrasion also helps promote new cell regeneration for healthy, glowing skin.&nbsp;<br />\r\n	&nbsp;</li>\r\n	<li><strong>Cryotherapy</strong><br />\r\n	Latest freeze technology &lsquo;chills&rsquo; the skin surface to stimulate microcirculation and increase cellular oxygenation resulting in improved skin tone and texture; collagen synthesis; instant lifting and a radiant skin tone. Additionally, skin&rsquo;s pore size is reduced, keeping toxins, dirt and grime out. It also flushes away built up toxins in the skin and soothes inflammation, eliminating dreaded puffiness.&nbsp;<br />\r\n	&nbsp;</li>\r\n</ul>\r\n\r\n<h3>The Merchant</h3>\r\n\r\n<p>A team of spa veterans&rsquo; years of experience and passion for bringing relaxation into peoples&rsquo; lives helped the founding of Spa Symphony. Here, a variety of services is offered, including massages, chiropractic healthcare, organic skin care solutions and slimming treatments. High-quality products and a highly therapeutic spa environment aid in a multi-sensory experience, allowing clients to relax thoroughly as well as benefit from the effects of rich, effective solutions<br />\r\n<br />\r\n<img src=\"https://img.grouponcdn.com/deal/g5FZRSTjUrXMkubRb9u9/t620x376/w5-700x420.jpg\" /><br />\r\n<img src=\"https://img.grouponcdn.com/deal/4gmWyjz684vh5j69p7ji/t620x376/55-700x420.jpg\" /><img src=\"https://img.grouponcdn.com/deal/mHn5t1VS8gSAUy2JugUQ7D/t620x376/2-700x420.jpg\" /></p>\r\n','<p>Highlights</p>\r\n\r\n<ul>\r\n	<li><strong>Award Winning Spa</strong>&nbsp;Best in Beauty Spa award 2014 by Singapore Women&rsquo;s Weekly</li>\r\n	<li>Choose from 3 Customized Facials:\r\n	<ul>\r\n		<li>Shea Hydration Facial</li>\r\n		<li>Centella Collagen Facial</li>\r\n		<li>Geranium Whitening Facial</li>\r\n	</ul>\r\n	</li>\r\n	<li>De-stress Eye Treatment + Advanced machine add-on option available</li>\r\n	<li>De-stress Eye Treatment fights against dark circles, puffiness and fine lines for a new youthful look</li>\r\n	<li>Advanced machine add-on includes choice of:&nbsp;<strong>Light Heat Energy (LHE)</strong>&nbsp;or&nbsp;<strong>Diamond Microdermabrasion</strong>&nbsp;or<strong>Cryotherapy</strong></li>\r\n	<li>Detox Therapy includes Chromotherapy and Whole Body Vibration Therapy.</li>\r\n	<li>Relax in a quartz healing lounge and enjoy specially blended tea to complete your spa experience.</li>\r\n	<li>Therapists are friendly and experienced with industrial certificates</li>\r\n	<li>Conveniently located along Orchard Road</li>\r\n</ul>\r\n','2015-02-26 02:23:00','2015-03-24 01:33:22'),
	(9,'<p>uses gentle, rocking massage to help release the body&rsquo;s harmful &ldquo;holding patterns.&rdquo; If you injured your left shoulder as a child, for example, you still may unconsciously carry it lower than your right shoulder, throwing your body off balance and robbing you of energy. Therapists employ very light, gentle shaking techniques that are unlike traditional Swedish-style massage. The idea is to make people more aware of their bodies, especially the way they move and hold themselves. For some reason, freeing people of physical holding patterns also seems to rid them of emotional stress that they associated with the prior injury.<br />\r\n<br />\r\n&nbsp;</p>\r\n\r\n<h3>The Deal</h3>\r\n\r\n<p><strong>For 60 min Full Body Massage, choose 1 from 4 types:</strong></p>\r\n\r\n<ul>\r\n	<li>Javanese - relieves migraines, sinus, swimmers ears and allergy problems</li>\r\n	<li>Aromatherapy - uses fragrant essential oils and increases blood, oxygen and energy flow</li>\r\n	<li>Deep Tissue - utilises rigorous strokes and direct pressure to alleviate aches and pains</li>\r\n	<li>Tuina - focuses on rhythmic compression along energy channels of the body that manipulate and lubricate the joints&nbsp;<br />\r\n	&nbsp;</li>\r\n</ul>\r\n\r\n<p><strong>For Premium Treats, choose from 4 types:</strong></p>\r\n\r\n<ul>\r\n	<li>Hot Stone Therapy - heated stones reduces back pain and aches, arthritis, insomnia and stress.</li>\r\n	<li>Guasha - aids in improving &lsquo;Qi&rsquo; flows, relieving tension, and restoring normal metabolic processes.</li>\r\n	<li>Jamu Tummy Treatment - helps flatten bulging bellies and significantly reduces bloatedness</li>\r\n	<li>Relaxing Back Scrub - deeply rejuvenates senses while exfoliating away dead skin&nbsp;<br />\r\n	&nbsp;</li>\r\n</ul>\r\n\r\n<h3>The Merchant</h3>\r\n\r\n<p>Centrally stationed in a convenient distance from Serangoon MRT station, The Organic Spa is the country&rsquo;s eco-friendly spa that offers a holistic approach to body wellness and skincare. Using organic products and lotions with aromatherapy as you renew, revitalise and invigorate your senses, this wellness centre&rsquo;s aim is to make sure customers relax and get lost in pure bliss with every visit. Additionally, The Organic Spa&rsquo;s specialties are the Maternity Therapy and Signature Massages, which mainly consists of traditional techniques from the ancient times of Japanese and Chinese origin.<br />\r\n<br />\r\n<img src=\"https://img.grouponcdn.com/deal/oBYJFpyGJmt9mbQ2efoX/t620x376/rp-700x420.jpg\" style=\"margin:0px; width:100%\" /><br />\r\n<br />\r\n<img src=\"https://img.grouponcdn.com/deal/6LazTg5iD8HHKBKgzNLB/t620x376/WD-700x420.jpg\" style=\"margin:0px; width:100%\" /><br />\r\n&nbsp;</p>\r\n\r\n<h3>Operating Hours</h3>\r\n\r\n<p>Monday to Friday: 12pm - 9pm&nbsp;<br />\r\nSaturday, Sunday and Public Holiday: 10am - 7pm</p>\r\n','<p>Highlights</p>\r\n\r\n<ul>\r\n	<li><strong>For 60 min Full Body Massage, choose 1 from 4 types:</strong>\r\n\r\n	<ul>\r\n		<li>Javanese</li>\r\n		<li>Aromatherapy</li>\r\n		<li>Deep Tissue</li>\r\n		<li>Tuina</li>\r\n	</ul>\r\n	</li>\r\n	<li><strong>For Premium Treats, choose from 4 types:</strong>\r\n	<ul>\r\n		<li>Hot Stone Therapy</li>\r\n		<li>Guasha</li>\r\n		<li>Jamu Tummy Treatment</li>\r\n		<li>Relaxing Back Scrub</li>\r\n	</ul>\r\n	</li>\r\n	<li>Uses certified organic products</li>\r\n	<li>Professionally trained and certified therapists to provide personally-suited massage experience</li>\r\n	<li>Extensive range of custom-tailored massage services</li>\r\n	<li>Relaxing, homely and rejuvenating environment</li>\r\n</ul>\r\n','2015-02-26 02:23:00','2015-03-24 02:13:09');

/*!40000 ALTER TABLE `service_details` ENABLE KEYS */;
UNLOCK TABLES;


# Dump of table services
# ------------------------------------------------------------

DROP TABLE IF EXISTS `services`;

CREATE TABLE `services` (
  `id` int(10) unsigned NOT NULL AUTO_INCREMENT,
  `outlet_id` int(10) unsigned DEFAULT NULL,
  `condition_id` int(10) unsigned DEFAULT NULL,
  `detail_id` int(10) unsigned DEFAULT NULL,
  `name` varchar(255) COLLATE utf8_unicode_ci DEFAULT NULL,
  `price` decimal(10,2) DEFAULT NULL,
  `status` enum('new','active','drag') COLLATE utf8_unicode_ci NOT NULL DEFAULT 'new',
  `time_operate` varchar(255) COLLATE utf8_unicode_ci DEFAULT '',
  `created_at` timestamp NULL DEFAULT '2015-02-26 09:23:00',
  `updated_at` timestamp NULL DEFAULT '2015-02-26 09:23:00',
  PRIMARY KEY (`id`),
  KEY `fk_service_oultet_id_idx` (`outlet_id`),
  KEY `fk_service_condition_id_idx` (`condition_id`),
  KEY `fk_service_detail_id_idx` (`detail_id`),
  CONSTRAINT `fk_service_condition_id` FOREIGN KEY (`condition_id`) REFERENCES `service_conditions` (`id`) ON DELETE NO ACTION ON UPDATE NO ACTION,
  CONSTRAINT `fk_service_detail_id` FOREIGN KEY (`detail_id`) REFERENCES `service_details` (`id`) ON DELETE NO ACTION ON UPDATE NO ACTION,
  CONSTRAINT `fk_service_oultet_id` FOREIGN KEY (`outlet_id`) REFERENCES `outlets` (`id`) ON DELETE NO ACTION ON UPDATE NO ACTION
) ENGINE=InnoDB DEFAULT CHARSET=utf8 COLLATE=utf8_unicode_ci;

LOCK TABLES `services` WRITE;
/*!40000 ALTER TABLE `services` DISABLE KEYS */;

INSERT INTO `services` (`id`, `outlet_id`, `condition_id`, `detail_id`, `name`, `price`, `status`, `time_operate`, `created_at`, `updated_at`)
VALUES
	(1,2,1,8,'ba guan therapy',70.00,'active','30','2015-04-14 20:03:00','2015-04-14 20:03:00'),
	(2,2,1,8,'ba guan therapy',84.00,'active','60','2015-04-14 20:03:00','2015-04-14 20:03:00'),
	(3,2,1,8,'ba guan therapy',105.00,'active','90','2015-04-14 20:03:00','2015-04-14 20:03:00'),
	(4,1,1,3,'body massage',75.00,'new','30','2015-04-14 20:03:00','2015-04-14 20:03:00'),
	(5,1,1,3,'body massage',90.00,'new','60','2015-04-14 20:03:00','2015-04-14 20:03:00'),
	(6,1,1,3,'body massage',113.00,'new','90','2015-04-14 20:03:00','2015-04-14 20:03:00'),
	(7,1,1,1,'essentil oil',80.00,'new','30','2015-04-14 20:03:00','2015-04-14 20:03:00'),
	(8,1,1,1,'essentil oil',96.00,'new','60','2015-04-14 20:03:00','2015-04-14 20:03:00'),
	(9,1,1,1,'essentil oil',120.00,'new','90','2015-04-14 20:03:00','2015-04-14 20:03:00'),
	(10,2,2,7,'foot massage',85.00,'new','30','2015-04-14 20:03:00','2015-04-14 20:03:00'),
	(11,2,2,7,'foot massage',102.00,'new','60','2015-04-14 20:03:00','2015-04-14 20:03:00'),
	(12,2,2,7,'foot massage',128.00,'new','90','2015-04-14 20:03:00','2015-04-14 20:03:00'),
	(13,1,2,2,'foot reflexology',90.00,'new','30','2015-04-14 20:03:00','2015-04-14 20:03:00'),
	(14,1,2,2,'foot reflexology',108.00,'active','60','2015-04-14 20:03:00','2015-04-14 20:03:00'),
	(15,1,2,2,'foot reflexology',135.00,'active','90','2015-04-14 20:03:00','2015-04-14 20:03:00'),
	(16,2,2,6,'gua sha therapy',95.00,'active','30','2015-04-14 20:03:00','2015-04-14 20:03:00'),
	(17,2,2,6,'gua sha therapy',114.00,'active','60','2015-04-14 20:03:00','2015-04-14 20:03:00'),
	(18,2,2,6,'gua sha therapy',143.00,'active','90','2015-04-14 20:03:00','2015-04-14 20:03:00'),
	(19,1,2,5,'heat treatment',100.00,'active','30','2015-04-14 20:03:00','2015-04-14 20:03:00'),
	(20,1,2,5,'heat treatment',120.00,'active','60','2015-04-14 20:03:00','2015-04-14 20:03:00'),
	(21,1,2,5,'heat treatment',150.00,'active','90','2015-04-14 20:03:00','2015-04-14 20:03:00'),
	(22,1,2,5,'jacuzzi massage',105.00,'active','30','2015-04-14 20:03:00','2015-04-14 20:03:00'),
	(23,1,2,5,'jacuzzi massage',126.00,'active','60','2015-04-14 20:03:00','2015-04-14 20:03:00'),
	(24,1,2,5,'jacuzzi massage',158.00,'active','90','2015-04-14 20:03:00','2015-04-14 20:03:00'),
	(25,2,2,3,'oriental body massage',110.00,'active','30','2015-04-14 20:03:00','2015-04-14 20:03:00'),
	(26,2,2,3,'oriental body massage',132.00,'active','60','2015-04-14 20:03:00','2015-04-14 20:03:00'),
	(27,2,2,3,'oriental body massage',165.00,'active','90','2015-04-14 20:03:00','2015-04-14 20:03:00'),
	(28,2,2,8,'oriental body massage with aroma oil',115.00,'active','30','2015-04-14 20:03:00','2015-04-14 20:03:00'),
	(29,2,2,8,'oriental body massage with aroma oil',138.00,'active','60','2015-04-14 20:03:00','2015-04-14 20:03:00'),
	(30,2,2,8,'oriental body massage with aroma oil',173.00,'active','90','2015-04-14 20:03:00','2015-04-14 20:03:00'),
	(31,1,2,4,'oriental body massage with body scrub',130.00,'active','30','2015-04-14 20:03:00','2015-04-14 20:03:00'),
	(32,1,2,4,'oriental body massage with body scrub',156.00,'active','60','2015-04-14 20:03:00','2015-04-14 20:03:00'),
	(33,1,2,4,'oriental body massage with body scrub',195.00,'active','90','2015-04-14 20:03:00','2015-04-14 20:03:00'),
	(34,2,2,7,'whitening body scrub',140.00,'active','30','2015-04-14 20:03:00','2015-04-14 20:03:00'),
	(35,2,2,7,'whitening body scrub',168.00,'active','60','2015-04-14 20:03:00','2015-04-14 20:03:00'),
	(36,2,2,7,'whitening body scrub',210.00,'active','90','2015-04-14 20:03:00','2015-04-14 20:03:00'),
	(37,1,3,2,'ASTON-PATTERNING',80.00,'active','30','2015-04-14 20:03:00','2015-04-14 20:03:00'),
	(38,2,3,2,'ASTON-PATTERNING',96.00,'active','60','2015-04-14 20:03:00','2015-04-14 20:03:00'),
	(39,2,3,2,'ASTON-PATTERNING',120.00,'active','90','2015-04-14 20:03:00','2015-04-14 20:03:00'),
	(40,1,3,4,'CRANIOSACRAL THERAPY',85.00,'active','30','2015-04-14 20:03:00','2015-04-14 20:03:00'),
	(41,1,3,4,'CRANIOSACRAL THERAPY',102.00,'active','60','2015-04-14 20:03:00','2015-04-14 20:03:00'),
	(42,2,3,4,'CRANIOSACRAL THERAPY',128.00,'active','90','2015-04-14 20:03:00','2015-04-14 20:03:00'),
	(43,1,3,9,'DEEP TISSUE MASSAGE',90.00,'active','30','2015-04-14 20:03:00','2015-04-14 20:03:00'),
	(44,2,3,9,'DEEP TISSUE MASSAGE',108.00,'active','60','2015-04-14 20:03:00','2015-04-14 20:03:00'),
	(45,1,3,9,'DEEP TISSUE MASSAGE',135.00,'active','90','2015-04-14 20:03:00','2015-04-14 20:03:00'),
	(46,2,3,1,'HELLERWORK',95.00,'active','30','2015-04-14 20:03:00','2015-04-14 20:03:00'),
	(47,1,3,1,'HELLERWORK',114.00,'active','60','2015-04-14 20:03:00','2015-04-14 20:03:00'),
	(48,1,3,1,'HELLERWORK',143.00,'active','90','2015-04-14 20:03:00','2015-04-14 20:03:00'),
	(49,1,3,2,'NEUROMUSCULAR MASSAGE',100.00,'active','30','2015-04-14 20:03:00','2015-04-14 20:03:00'),
	(50,2,3,2,'NEUROMUSCULAR MASSAGE',120.00,'active','60','2015-04-14 20:03:00','2015-04-14 20:03:00'),
	(51,2,3,2,'NEUROMUSCULAR MASSAGE',150.00,'active','90','2015-04-14 20:03:00','2015-04-14 20:03:00'),
	(52,1,4,5,'ROLFING',80.00,'active','30','2015-04-14 20:03:00','2015-04-14 20:03:00'),
	(53,1,4,5,'ROLFING',96.00,'active','60','2015-04-14 20:03:00','2015-04-14 20:03:00'),
	(54,1,4,5,'ROLFING',120.00,'active','90','2015-04-14 20:03:00','2015-04-14 20:03:00'),
	(55,2,4,3,'SPORTS MASSAGE',85.00,'active','30','2015-04-14 20:03:00','2015-04-14 20:03:00'),
	(56,2,4,3,'SPORTS MASSAGE',102.00,'active','60','2015-04-14 20:03:00','2015-04-14 20:03:00'),
	(57,2,4,3,'SPORTS MASSAGE',128.00,'active','90','2015-04-14 20:03:00','2015-04-14 20:03:00'),
	(58,1,4,1,'SWEDISH MASSAGE',90.00,'active','30','2015-04-14 20:03:00','2015-04-14 20:03:00'),
	(59,1,4,1,'SWEDISH MASSAGE',108.00,'active','60','2015-04-14 20:03:00','2015-04-14 20:03:00'),
	(60,1,4,1,'SWEDISH MASSAGE',135.00,'active','90','2015-04-14 20:03:00','2015-04-14 20:03:00'),
	(61,3,1,8,'ba guan therapy',70.00,'active','30','2015-04-14 20:03:00','2015-04-14 20:03:00'),
	(62,3,1,8,'ba guan therapy',84.00,'active','60','2015-04-14 20:03:00','2015-04-14 20:03:00'),
	(63,3,1,8,'ba guan therapy',105.00,'active','90','2015-04-14 20:03:00','2015-04-14 20:03:00'),
	(64,3,1,3,'body massage',75.00,'new','30','2015-04-14 20:03:00','2015-04-14 20:03:00'),
	(65,3,1,3,'body massage',90.00,'new','60','2015-04-14 20:03:00','2015-04-14 20:03:00'),
	(66,3,1,3,'body massage',113.00,'new','90','2015-04-14 20:03:00','2015-04-14 20:03:00'),
	(67,3,1,1,'essentil oil',80.00,'new','30','2015-04-14 20:03:00','2015-04-14 20:03:00'),
	(68,3,1,1,'essentil oil',96.00,'new','60','2015-04-14 20:03:00','2015-04-14 20:03:00'),
	(69,3,1,1,'essentil oil',120.00,'new','90','2015-04-14 20:03:00','2015-04-14 20:03:00'),
	(70,3,2,7,'foot massage',85.00,'new','30','2015-04-14 20:03:00','2015-04-14 20:03:00'),
	(71,3,2,7,'foot massage',102.00,'new','60','2015-04-14 20:03:00','2015-04-14 20:03:00'),
	(72,3,2,7,'foot massage',128.00,'new','90','2015-04-14 20:03:00','2015-04-14 20:03:00'),
	(73,3,2,2,'foot reflexology',90.00,'new','30','2015-04-14 20:03:00','2015-04-14 20:03:00'),
	(74,3,2,2,'foot reflexology',108.00,'active','60','2015-04-14 20:03:00','2015-04-14 20:03:00'),
	(75,3,2,2,'foot reflexology',135.00,'active','90','2015-04-14 20:03:00','2015-04-14 20:03:00'),
	(76,3,2,6,'gua sha therapy',95.00,'active','30','2015-04-14 20:03:00','2015-04-14 20:03:00'),
	(77,3,2,6,'gua sha therapy',114.00,'active','60','2015-04-14 20:03:00','2015-04-14 20:03:00'),
	(78,3,2,6,'gua sha therapy',143.00,'active','90','2015-04-14 20:03:00','2015-04-14 20:03:00'),
	(79,4,2,5,'heat treatment',100.00,'active','30','2015-04-14 20:03:00','2015-04-14 20:03:00'),
	(80,4,2,5,'heat treatment',120.00,'active','60','2015-04-14 20:03:00','2015-04-14 20:03:00'),
	(81,4,2,5,'heat treatment',150.00,'active','90','2015-04-14 20:03:00','2015-04-14 20:03:00'),
	(82,4,2,5,'jacuzzi massage',105.00,'active','30','2015-04-14 20:03:00','2015-04-14 20:03:00'),
	(83,4,2,5,'jacuzzi massage',126.00,'active','60','2015-04-14 20:03:00','2015-04-14 20:03:00'),
	(84,4,2,5,'jacuzzi massage',158.00,'active','90','2015-04-14 20:03:00','2015-04-14 20:03:00'),
	(85,4,2,3,'oriental body massage',110.00,'active','30','2015-04-14 20:03:00','2015-04-14 20:03:00'),
	(86,4,2,3,'oriental body massage',132.00,'active','60','2015-04-14 20:03:00','2015-04-14 20:03:00'),
	(87,4,2,3,'oriental body massage',165.00,'active','90','2015-04-14 20:03:00','2015-04-14 20:03:00'),
	(88,4,2,8,'oriental body massage with aroma oil',115.00,'active','30','2015-04-14 20:03:00','2015-04-14 20:03:00'),
	(89,4,2,8,'oriental body massage with aroma oil',138.00,'active','60','2015-04-14 20:03:00','2015-04-14 20:03:00'),
	(90,4,2,8,'oriental body massage with aroma oil',173.00,'active','90','2015-04-14 20:03:00','2015-04-14 20:03:00'),
	(91,4,2,4,'oriental body massage with body scrub',130.00,'active','30','2015-04-14 20:03:00','2015-04-14 20:03:00'),
	(92,4,2,4,'oriental body massage with body scrub',156.00,'active','60','2015-04-14 20:03:00','2015-04-14 20:03:00'),
	(93,4,2,4,'oriental body massage with body scrub',195.00,'active','90','2015-04-14 20:03:00','2015-04-14 20:03:00'),
	(94,4,2,7,'whitening body scrub',140.00,'active','30','2015-04-14 20:03:00','2015-04-14 20:03:00'),
	(95,4,2,7,'whitening body scrub',168.00,'active','60','2015-04-14 20:03:00','2015-04-14 20:03:00'),
	(96,4,2,7,'whitening body scrub',210.00,'active','90','2015-04-14 20:03:00','2015-04-14 20:03:00'),
	(97,4,3,2,'ASTON-PATTERNING',80.00,'active','30','2015-04-14 20:03:00','2015-04-14 20:03:00'),
	(98,4,3,2,'ASTON-PATTERNING',96.00,'active','60','2015-04-14 20:03:00','2015-04-14 20:03:00'),
	(99,4,3,2,'ASTON-PATTERNING',120.00,'active','90','2015-04-14 20:03:00','2015-04-14 20:03:00'),
	(100,4,3,4,'CRANIOSACRAL THERAPY',85.00,'active','30','2015-04-14 20:03:00','2015-04-14 20:03:00'),
	(101,4,3,4,'CRANIOSACRAL THERAPY',102.00,'active','60','2015-04-14 20:03:00','2015-04-14 20:03:00'),
	(102,4,3,4,'CRANIOSACRAL THERAPY',128.00,'active','90','2015-04-14 20:03:00','2015-04-14 20:03:00'),
	(103,4,3,9,'DEEP TISSUE MASSAGE',90.00,'active','30','2015-04-14 20:03:00','2015-04-14 20:03:00'),
	(104,4,3,9,'DEEP TISSUE MASSAGE',108.00,'active','60','2015-04-14 20:03:00','2015-04-14 20:03:00'),
	(105,4,3,9,'DEEP TISSUE MASSAGE',135.00,'active','90','2015-04-14 20:03:00','2015-04-14 20:03:00'),
	(106,5,3,1,'HELLERWORK',95.00,'active','30','2015-04-14 20:03:00','2015-04-14 20:03:00'),
	(107,5,3,1,'HELLERWORK',114.00,'active','60','2015-04-14 20:03:00','2015-04-14 20:03:00'),
	(108,5,3,1,'HELLERWORK',143.00,'active','90','2015-04-14 20:03:00','2015-04-14 20:03:00'),
	(109,5,3,2,'NEUROMUSCULAR MASSAGE',100.00,'active','30','2015-04-14 20:03:00','2015-04-14 20:03:00'),
	(110,5,3,2,'NEUROMUSCULAR MASSAGE',120.00,'active','60','2015-04-14 20:03:00','2015-04-14 20:03:00'),
	(111,5,3,2,'NEUROMUSCULAR MASSAGE',150.00,'active','90','2015-04-14 20:03:00','2015-04-14 20:03:00'),
	(112,5,4,5,'ROLFING',80.00,'active','30','2015-04-14 20:03:00','2015-04-14 20:03:00'),
	(113,5,4,5,'ROLFING',96.00,'active','60','2015-04-14 20:03:00','2015-04-14 20:03:00'),
	(114,5,4,5,'ROLFING',120.00,'active','90','2015-04-14 20:03:00','2015-04-14 20:03:00'),
	(115,5,4,3,'SPORTS MASSAGE',85.00,'active','30','2015-04-14 20:03:00','2015-04-14 20:03:00'),
	(116,5,4,3,'SPORTS MASSAGE',102.00,'active','60','2015-04-14 20:03:00','2015-04-14 20:03:00'),
	(117,5,4,3,'SPORTS MASSAGE',128.00,'active','90','2015-04-14 20:03:00','2015-04-14 20:03:00'),
	(118,5,4,1,'SWEDISH MASSAGE',90.00,'active','30','2015-04-14 20:03:00','2015-04-14 20:03:00'),
	(119,5,4,1,'SWEDISH MASSAGE',108.00,'active','60','2015-04-14 20:03:00','2015-04-14 20:03:00'),
	(120,5,4,1,'SWEDISH MASSAGE',135.00,'active','90','2015-04-14 20:03:00','2015-04-14 20:03:00'),
	(121,6,1,8,'ba guan therapy',70.00,'active','30','2015-04-14 20:03:00','2015-04-14 20:03:00'),
	(122,6,1,8,'ba guan therapy',84.00,'active','60','2015-04-14 20:03:00','2015-04-14 20:03:00'),
	(123,6,1,8,'ba guan therapy',105.00,'active','90','2015-04-14 20:03:00','2015-04-14 20:03:00'),
	(124,6,1,3,'body massage',75.00,'new','30','2015-04-14 20:03:00','2015-04-14 20:03:00'),
	(125,6,1,3,'body massage',90.00,'new','60','2015-04-14 20:03:00','2015-04-14 20:03:00'),
	(126,6,1,3,'body massage',113.00,'new','90','2015-04-14 20:03:00','2015-04-14 20:03:00'),
	(127,6,1,1,'essentil oil',80.00,'new','30','2015-04-14 20:03:00','2015-04-14 20:03:00'),
	(128,6,1,1,'essentil oil',96.00,'new','60','2015-04-14 20:03:00','2015-04-14 20:03:00'),
	(129,6,1,1,'essentil oil',120.00,'new','90','2015-04-14 20:03:00','2015-04-14 20:03:00'),
	(130,6,2,7,'foot massage',85.00,'new','30','2015-04-14 20:03:00','2015-04-14 20:03:00'),
	(131,6,2,7,'foot massage',102.00,'new','60','2015-04-14 20:03:00','2015-04-14 20:03:00'),
	(132,6,2,7,'foot massage',128.00,'new','90','2015-04-14 20:03:00','2015-04-14 20:03:00'),
	(133,6,2,2,'foot reflexology',90.00,'new','30','2015-04-14 20:03:00','2015-04-14 20:03:00'),
	(134,6,2,2,'foot reflexology',108.00,'active','60','2015-04-14 20:03:00','2015-04-14 20:03:00'),
	(135,6,2,2,'foot reflexology',135.00,'active','90','2015-04-14 20:03:00','2015-04-14 20:03:00'),
	(136,6,2,6,'gua sha therapy',95.00,'active','30','2015-04-14 20:03:00','2015-04-14 20:03:00'),
	(137,6,2,6,'gua sha therapy',114.00,'active','60','2015-04-14 20:03:00','2015-04-14 20:03:00'),
	(138,6,2,6,'gua sha therapy',143.00,'active','90','2015-04-14 20:03:00','2015-04-14 20:03:00'),
	(139,6,2,5,'heat treatment',100.00,'active','30','2015-04-14 20:03:00','2015-04-14 20:03:00'),
	(140,6,2,5,'heat treatment',120.00,'active','60','2015-04-14 20:03:00','2015-04-14 20:03:00'),
	(141,6,2,5,'heat treatment',150.00,'active','90','2015-04-14 20:03:00','2015-04-14 20:03:00'),
	(142,6,2,5,'jacuzzi massage',105.00,'active','30','2015-04-14 20:03:00','2015-04-14 20:03:00'),
	(143,6,2,5,'jacuzzi massage',126.00,'active','60','2015-04-14 20:03:00','2015-04-14 20:03:00'),
	(144,6,2,5,'jacuzzi massage',158.00,'active','90','2015-04-14 20:03:00','2015-04-14 20:03:00'),
	(145,7,2,3,'oriental body massage',110.00,'active','30','2015-04-14 20:03:00','2015-04-14 20:03:00'),
	(146,7,2,3,'oriental body massage',132.00,'active','60','2015-04-14 20:03:00','2015-04-14 20:03:00'),
	(147,7,2,3,'oriental body massage',165.00,'active','90','2015-04-14 20:03:00','2015-04-14 20:03:00'),
	(148,7,2,8,'oriental body massage with aroma oil',115.00,'active','30','2015-04-14 20:03:00','2015-04-14 20:03:00'),
	(149,7,2,8,'oriental body massage with aroma oil',138.00,'active','60','2015-04-14 20:03:00','2015-04-14 20:03:00'),
	(150,7,2,8,'oriental body massage with aroma oil',173.00,'active','90','2015-04-14 20:03:00','2015-04-14 20:03:00'),
	(151,7,2,4,'oriental body massage with body scrub',130.00,'active','30','2015-04-14 20:03:00','2015-04-14 20:03:00'),
	(152,7,2,4,'oriental body massage with body scrub',156.00,'active','60','2015-04-14 20:03:00','2015-04-14 20:03:00'),
	(153,7,2,4,'oriental body massage with body scrub',195.00,'active','90','2015-04-14 20:03:00','2015-04-14 20:03:00'),
	(154,7,2,7,'whitening body scrub',140.00,'active','30','2015-04-14 20:03:00','2015-04-14 20:03:00'),
	(155,7,2,7,'whitening body scrub',168.00,'active','60','2015-04-14 20:03:00','2015-04-14 20:03:00'),
	(156,7,2,7,'whitening body scrub',210.00,'active','90','2015-04-14 20:03:00','2015-04-14 20:03:00'),
	(157,7,3,2,'ASTON-PATTERNING',80.00,'active','30','2015-04-14 20:03:00','2015-04-14 20:03:00'),
	(158,7,3,2,'ASTON-PATTERNING',96.00,'active','60','2015-04-14 20:03:00','2015-04-14 20:03:00'),
	(159,7,3,2,'ASTON-PATTERNING',120.00,'active','90','2015-04-14 20:03:00','2015-04-14 20:03:00'),
	(160,7,3,4,'CRANIOSACRAL THERAPY',85.00,'active','30','2015-04-14 20:03:00','2015-04-14 20:03:00'),
	(161,7,3,4,'CRANIOSACRAL THERAPY',102.00,'active','60','2015-04-14 20:03:00','2015-04-14 20:03:00'),
	(162,7,3,4,'CRANIOSACRAL THERAPY',128.00,'active','90','2015-04-14 20:03:00','2015-04-14 20:03:00'),
	(163,8,3,9,'DEEP TISSUE MASSAGE',90.00,'active','30','2015-04-14 20:03:00','2015-04-14 20:03:00'),
	(164,8,3,9,'DEEP TISSUE MASSAGE',108.00,'active','60','2015-04-14 20:03:00','2015-04-14 20:03:00'),
	(165,8,3,9,'DEEP TISSUE MASSAGE',135.00,'active','90','2015-04-14 20:03:00','2015-04-14 20:03:00'),
	(166,8,3,1,'HELLERWORK',95.00,'active','30','2015-04-14 20:03:00','2015-04-14 20:03:00'),
	(167,8,3,1,'HELLERWORK',114.00,'active','60','2015-04-14 20:03:00','2015-04-14 20:03:00'),
	(168,8,3,1,'HELLERWORK',143.00,'active','90','2015-04-14 20:03:00','2015-04-14 20:03:00'),
	(169,8,3,2,'NEUROMUSCULAR MASSAGE',100.00,'active','30','2015-04-14 20:03:00','2015-04-14 20:03:00'),
	(170,8,3,2,'NEUROMUSCULAR MASSAGE',120.00,'active','60','2015-04-14 20:03:00','2015-04-14 20:03:00'),
	(171,8,3,2,'NEUROMUSCULAR MASSAGE',150.00,'active','90','2015-04-14 20:03:00','2015-04-14 20:03:00'),
	(172,8,4,5,'ROLFING',80.00,'active','30','2015-04-14 20:03:00','2015-04-14 20:03:00'),
	(173,8,4,5,'ROLFING',96.00,'active','60','2015-04-14 20:03:00','2015-04-14 20:03:00'),
	(174,8,4,5,'ROLFING',120.00,'active','90','2015-04-14 20:03:00','2015-04-14 20:03:00'),
	(175,8,4,3,'SPORTS MASSAGE',85.00,'active','30','2015-04-14 20:03:00','2015-04-14 20:03:00'),
	(176,8,4,3,'SPORTS MASSAGE',102.00,'active','60','2015-04-14 20:03:00','2015-04-14 20:03:00'),
	(177,8,4,3,'SPORTS MASSAGE',128.00,'active','90','2015-04-14 20:03:00','2015-04-14 20:03:00'),
	(178,8,4,1,'SWEDISH MASSAGE',90.00,'active','30','2015-04-14 20:03:00','2015-04-14 20:03:00'),
	(179,8,4,1,'SWEDISH MASSAGE',108.00,'active','60','2015-04-14 20:03:00','2015-04-14 20:03:00'),
	(180,8,4,1,'SWEDISH MASSAGE',135.00,'active','90','2015-04-14 20:03:00','2015-04-14 20:03:00');

/*!40000 ALTER TABLE `services` ENABLE KEYS */;
UNLOCK TABLES;


# Dump of table terms_conditions
# ------------------------------------------------------------

DROP TABLE IF EXISTS `terms_conditions`;

CREATE TABLE `terms_conditions` (
  `id` int(11) unsigned NOT NULL AUTO_INCREMENT,
  `description` longtext NOT NULL,
  `configure_no` varchar(45) DEFAULT NULL,
  `created_at` timestamp NULL DEFAULT NULL,
  `updated_at` timestamp NULL DEFAULT NULL,
  PRIMARY KEY (`id`)
) ENGINE=InnoDB DEFAULT CHARSET=latin1;

LOCK TABLES `terms_conditions` WRITE;
/*!40000 ALTER TABLE `terms_conditions` DISABLE KEYS */;

INSERT INTO `terms_conditions` (`id`, `description`, `configure_no`, `created_at`, `updated_at`)
VALUES
	(1,'Through the website, we (http://booking.enablestartup.com B.V. and its affiliate (distribution) partners) provide an online platform through which all types of temporary accommodations (for example hotels, motels, hostels and bed & breakfasts, collectively the \"accommodation(s)\"), can advertise their rooms for reservation, and through which visitors to the website can make such reservations. By making a reservation through http://booking.enablestartup.com, you enter into a direct (legally binding) contractual relationship with the accommodation provider at which you book. From the point at which you make your reservation, we act solely as an intermediary between you and the provider, transmitting the details of your reservation to the relevant accommodation provider and sending you a confirmation email for and on behalf of the accommodation provider.\n\nWhen rendering our services, the information that we disclose is based on the information provided to us by accommodation providers. As such, the accommodation providers are given access to an extranet through which they are fully responsible for updating all rates, availability and other information which is displayed on our website. Although we will use reasonable skill and care in performing our services we will not verify if, and cannot guarantee that, all information is accurate, complete or correct, nor can we be held responsible for any errors (including manifest and typographical errors), any interruptions (whether due to any (temporary and/or partial) breakdown, repair, upgrade or maintenance of our website or otherwise), inaccurate, misleading or untrue information or non-delivery of information. Each accommodation provider remains responsible at all times for the accuracy, completeness and correctness of the (descriptive) information (including the rates and availability) displayed on our website. Our website does not constitute and should not be regarded as a recommendation or endorsement of the quality, service level, qualification or (star) rating of any accommodations made available.\n\nOur services are made available for personal and non-commercial use only. Therefore, you are not allowed to re-sell, deep-link, use, copy, monitor (e.g. spider, scrape), display, download or reproduce any content or information, software, products or services available on our website for any commercial or competitive activity or purpose.','1. Scope of our Service','2015-02-26 02:23:00','2015-02-26 02:23:00'),
	(2,'The prices on our site are highly competitive. All prices on the http://booking.enablestartup.com website are per room for your entire stay and are displayed including VAT tax and all other taxes (subject to change of such taxes), unless stated differently on our website or in the confirmation email.\n\nSometimes cheaper rates are available on our website for a specific stay at a property, however, these rates made by accommodations providers may carry special restrictions and conditions, for example in respect to cancellation and refund. Please check the room and rate details thoroughly for any such conditions prior to making your reservation.\n\nIn the event of a crossed-out rate, we look at the prices currently being charged by the property in the 30-day window around your proposed check-in date. From the prices within this window, we display the third-highest price on offer as the crossed-out rate. To ensure we are making a fair comparison, we always use the same reservation conditions (meal plan, cancellation policy and room type). This means that you get the same room for a lower price compared to other check-in dates at the same time of year.\n\nWe want you to pay the lowest price possible for your stay. Should you find your accommodation, with the same reservation conditions, at a lower rate on the Internet after you have made a reservation through us, we will match the difference between our rate and the lower rate under the terms and conditions of the Best Price Guarantee.\n\nThe currency converter is for information purposes only and should not be relied upon as accurate and real time; actual rates may vary.\n\nObvious errors and mistakes (including misprints) are not binding.\n\nAll special offers and promotions are marked as such.','2. Prices and Best Price Guarantee','2015-02-26 02:23:00','2015-02-26 02:23:00'),
	(3,'Our service is free of charge because, unlike many other parties, we will not charge you for our service or add any additional (reservation) fees to the room rate.','3. Free of Charge','2015-02-26 02:23:00','2015-02-26 02:23:00'),
	(4,'SMbook.com respects your privacy. Please take a look at our privacy and cookies policy for further information','4. Privacy and Cookies','2015-02-26 02:23:00','2015-02-26 02:23:00'),
	(5,'If applicable and available, certain accommodation providers offer the opportunity for reservations to be paid (wholly or partly and as required under the payment policy of the accommodation) to the accommodation provider during the reservation process by means of secure online payment (all to the extent offered and supported by your bank). Payment is safely processed from your credit/debit card or bank account to the bank account of the accommodation provider through a third party payment processor.\n\nFor certain rates or special offers, please note that your credit card may be pre-authorized or charged (sometimes without any option for refund) upon reservation and confirmation of the booking. Please check the room details thoroughly for any such conditions prior to making your reservation.\n\nIn the event of credit card fraud or unauthorized use of your credit card by third parties, most banks and credit card companies bear the risk and cover all the charges resulting from such fraud or misuse, which may sometimes be subject to a deductible (usually set at EUR 50 (or the equivalent in your local currency)). In the event that your credit card company or bank charges you the deductible because of unauthorized transactions resulting from a reservation made on our website, we will pay you this deductible, up to an aggregate amount of EUR 50 (or the equivalent in your local currency). In order to be indemnified, please make sure that you report this fraud to your credit card provider (in accordance with its reporting rules and procedures) and contact us immediately by email (customer.relations@http://booking.enablestartup.com). Please state \'credit card fraud\' in the subject line of your email and provide us with evidence of the charged deductible (e.g. policy of the credit card company). This indemnification only applies to credit card reservations made using http://booking.enablestartup.com\'s secure server and the unauthorized use of your credit card resulting through our default or negligence and through no fault of your own while using the secure server.','5. Credit Card','2015-02-26 02:23:00','2015-02-26 02:23:00'),
	(6,'By making a reservation with an accommodation provider, you accept and agree to the relevant cancellation and no-show policy of that accommodation provider, and to any additional (delivery) terms and conditions of the accommodation provider that may apply to your reservation or during your stay, including for services rendered and/or products offered by the accommodation provider (the delivery terms and conditions of an accommodation provider can be obtained with the relevant accommodation provider). The general cancellation and no-show policy of each accommodation provider is made available on our website on the accommodation information pages, during the reservation procedure and in the confirmation email. Please note that certain rates or special offers are not eligible for cancellation or change. Please check the room details thoroughly for any such conditions prior to making your reservation. Please note that a reservation which requires down payment or (wholly or partly) prepayment may be cancelled (without a prior notice of default or warning) insofar the relevant (remaining) amount(s) cannot be collected in full on the relevant payment date in accordance with the relevant payment policy of the accommodation and the reservation. Late payment, wrong bank, debit or credit card details, invalid credit/debit cards or insufficient funds are for your own risk and account and you shall not be entitled to any refund of any (non-refundable) prepaid amount unless the accommodation agrees or allows otherwise under its (pre)payment and cancellation policy.\n\nIf you wish to review, adjust or cancel your reservation, please revert to the confirmation email and follow the instructions therein. Please note that you may be charged for your cancellation in accordance with the accommodation provider\'s cancellation, (pre)payment and no-show policy or not be entitled to any repayment of any (pre)paid amount. We recommend that you read the cancellation, (pre)payment and no-show policy of the accommodation provider carefully prior to making your reservation and remember to make further payments on time as may be required for the relevant reservation.','6. Cancellation','2015-02-26 02:23:00','2015-02-26 02:23:00'),
	(7,'By completing a booking, you agree to receive (i) an email which we may send you shortly prior to your arrival date, giving you information on your destination and providing you with certain information and offers (including third party offers to the extent that you have actively opted in for this information) relevant to your reservation and destination, and (ii) an email which we may send to you promptly after your stay inviting you to complete our guest review form. Please see our privacy and cookies policy for more information about how we may contact you.','7. Further Correspondence','2015-02-26 02:23:00','2015-02-26 02:23:00'),
	(8,'The default setting of the ranking of hotels on our website is \"Recommended\" (or any similar wording) (the \"Default Ranking\"). For your convenience, we also offer other ways to rank the hotel. Please note that the Default Ranking is created through a fully automated ranking system (algorithm) and is based on multiple criteria.\n\nThe completed guest review may be (a) uploaded onto the relevant property\'s information page on our website for the sole purpose of informing (future) customers of your opinion of the service (level) and quality of the accommodations, and (b) (wholly or partly) used and placed by http://booking.enablestartup.com at its sole discretion (e.g. for marketing, promotion or improvement of our service) on our website or such social media platforms, newsletters, special promotions, apps or other channels owned, hosted, used or controlled by http://booking.enablestartup.com. We reserve the right to adjust, refuse or remove reviews at our sole discretion. The guest review form should be regarded as a survey and does not include any (further commercial) offers, invitations or incentives whatsoever.','8. Ranking and Guest Reviews','2015-02-26 02:23:00','2015-02-26 02:23:00'),
	(9,'To the extent permitted by law, these terms and conditions and the provision of our services shall be governed by and construed in accordance with Dutch law and any dispute arising out of these general terms and conditions and our services shall exclusively be submitted to the competent courts in Amsterdam, the Netherlands.\n\nThe original UK English version of these terms and conditions may have been translated into other languages. The translated version is a courtesy and office translation only and you cannot derive any rights from the translated version. In the event of a dispute about the contents or interpretation of these terms and conditions or inconsistency or discrepancy between the UK English version and any other language version of these terms and conditions, the UK English language version to the extent permitted by law shall apply, prevail and be conclusive. The UK English version is available on our website (by selecting UK English language) or shall be sent to you upon your written request.\n\nIf any provision of these terms and conditions is or becomes invalid, unenforceable or non-binding, you shall remain bound by all other provisions hereof. In such event, such invalid provision shall nonetheless be enforced to the fullest extent permitted by applicable law, and you will at least agree to accept a similar effect as the invalid, unenforceable or non-binding provision, given the contents and purpose of these terms and conditions.','9. Miscellaneous','2015-02-26 02:23:00','2015-02-26 02:23:00');

/*!40000 ALTER TABLE `terms_conditions` ENABLE KEYS */;
UNLOCK TABLES;


# Dump of table users
# ------------------------------------------------------------

DROP TABLE IF EXISTS `users`;

CREATE TABLE `users` (
  `id` int(10) unsigned NOT NULL AUTO_INCREMENT,
  `address_id` int(11) NOT NULL,
  `first_name` varchar(50) COLLATE utf8_unicode_ci NOT NULL DEFAULT '',
  `last_name` varchar(50) COLLATE utf8_unicode_ci NOT NULL DEFAULT '',
  `username` varchar(255) COLLATE utf8_unicode_ci NOT NULL,
  `email` varchar(255) COLLATE utf8_unicode_ci NOT NULL,
  `password` varchar(255) COLLATE utf8_unicode_ci NOT NULL,
  `confirmation_code` varchar(255) COLLATE utf8_unicode_ci NOT NULL,
  `remember_token` varchar(255) COLLATE utf8_unicode_ci DEFAULT NULL,
  `confirmed` tinyint(1) NOT NULL DEFAULT '0',
  `user_type` varchar(20) COLLATE utf8_unicode_ci NOT NULL DEFAULT 'user',
  `created_at` timestamp NOT NULL DEFAULT '2015-02-26 02:23:00',
  `updated_at` timestamp NOT NULL DEFAULT '2015-02-26 02:23:00',
  `phone_number` varchar(255) COLLATE utf8_unicode_ci NOT NULL,
  PRIMARY KEY (`id`)
) ENGINE=InnoDB DEFAULT CHARSET=utf8 COLLATE=utf8_unicode_ci;

LOCK TABLES `users` WRITE;
/*!40000 ALTER TABLE `users` DISABLE KEYS */;

INSERT INTO `users` (`id`, `address_id`, `first_name`, `last_name`, `username`, `email`, `password`, `confirmation_code`, `remember_token`, `confirmed`, `user_type`, `created_at`, `updated_at`, `phone_number`)
VALUES
	(1,0,'CHUA WEI QUAN RONALD','','admin','admin@example.org','$2y$10$bB7BvSS/cs2/GEQ.4HYUj.YGpiHyans9sYUmiOetzUwUPfY0QViu2','c87f3a63d171cd7c813893a3b7e1ee94','p4uAbrLaG9ctn1VQcqLhEfiUnJxdJclLCochNpYuk3jrmXi5TaMPV1BtIX8k',1,'admin','2015-02-26 02:23:00','2015-04-17 10:24:41',''),
	(2,0,'DHAKSHINA MOORTHY PRADEEP','','dungho','dungho@gmail.com','$2y$10$bB7BvSS/cs2/GEQ.4HYUj.YGpiHyans9sYUmiOetzUwUPfY0QViu2','b3ca5572a88af9895e746fa3d8c4419f','M1lkyQY5SeKfyZmnpBxbyp0vtFkflV4hmpxFKYgxUmDyD1KoclQOlu8bh90T',1,'retailer','2015-02-26 02:23:00','2015-02-26 02:23:00',''),
	(3,0,'HAN JIANGLEI','','user','user@example.org','$2y$10$bB7BvSS/cs2/GEQ.4HYUj.YGpiHyans9sYUmiOetzUwUPfY0QViu2','10d928cd1834b6b6b70974b6b8e28f37','Th6SpCjy3s5aVrJ8zJ9nPjQl8psbMojMhw6BRvgxSIt8H4qzGe5scOGY4Dg7',1,'user','2015-02-26 02:23:00','2015-04-18 05:13:38','(+84)09090909'),
	(4,0,'HO YUAN FA','','dung2','dung@gmail.com','$2y$10$bB7BvSS/cs2/GEQ.4HYUj.YGpiHyans9sYUmiOetzUwUPfY0QViu2','c7fb73defb62e3c6bddac9d136598fce',NULL,1,'user','2015-02-26 02:23:00','2015-02-26 02:23:00',''),
	(5,0,'NGUYEN BAO TRI','','dungho2','dung2@gmail.com','$2y$10$bB7BvSS/cs2/GEQ.4HYUj.YGpiHyans9sYUmiOetzUwUPfY0QViu2','f52b785ef7880bdc25be42ef9a3cecd3',NULL,0,'user','2015-02-26 02:23:00','2015-02-26 02:23:00',''),
	(6,0,'NIM JIN XIANG','','dungho3','dung3@gmail.com','$2y$10$bB7BvSS/cs2/GEQ.4HYUj.YGpiHyans9sYUmiOetzUwUPfY0QViu2','dd7eb4029f3c5867bfa9fa05fd1edb50',NULL,0,'user','2015-02-26 02:23:00','2015-02-26 02:23:00',''),
	(7,0,'TAY JIN HENG','','dungho4','dungho4@gmail.com','$2y$10$bB7BvSS/cs2/GEQ.4HYUj.YGpiHyans9sYUmiOetzUwUPfY0QViu2','4e026c90a8ba9a8c3b3ec76ee9b70a45',NULL,0,'retailer','2015-02-26 02:23:00','2015-02-26 02:23:00',''),
	(8,0,'WU ZHENLIN','','tuong','tuong@gmail.com','$2y$10$bB7BvSS/cs2/GEQ.4HYUj.YGpiHyans9sYUmiOetzUwUPfY0QViu2','d8af70e71e70d0bbc5eadc3705c358d7','rMscUqacvA8vbE1XUGNEbhzgc4lt4lnUYNXTkeRtiVx8BJZLdkWoOiXDp3zd',1,'user','2015-02-26 02:23:00','2015-02-26 02:23:00',''),
	(9,0,'LIU CHENGLONG','','gewgawmagma','gewgawmagma@','$2y$10$bB7BvSS/cs2/GEQ.4HYUj.YGpiHyans9sYUmiOetzUwUPfY0QViu2','','',1,'retailer','2015-02-26 02:23:00','2015-02-26 02:23:00',''),
	(10,0,'TAN JUNYANG SAMUEL','','ridinggravy','ridinggravy@','$2y$10$bB7BvSS/cs2/GEQ.4HYUj.YGpiHyans9sYUmiOetzUwUPfY0QViu2','','',1,'retailer','2015-02-26 02:23:00','2015-02-26 02:23:00',''),
	(11,0,'CHRIS STEPHEN NAVEEN RANJIT','','shadsgrunt','shadsgrunt@','$2y$10$bB7BvSS/cs2/GEQ.4HYUj.YGpiHyans9sYUmiOetzUwUPfY0QViu2','','',1,'retailer','2015-02-26 02:23:00','2015-02-26 02:23:00',''),
	(12,0,'KELLY NG XINYI','','topopen','topopen@','$2y$10$bB7BvSS/cs2/GEQ.4HYUj.YGpiHyans9sYUmiOetzUwUPfY0QViu2','','',1,'retailer','2015-02-26 02:23:00','2015-02-26 02:23:00',''),
	(13,0,'LUO HUAN','','appraisercommand','appraisercommand@','$2y$10$bB7BvSS/cs2/GEQ.4HYUj.YGpiHyans9sYUmiOetzUwUPfY0QViu2','','',1,'retailer','2015-02-26 02:23:00','2015-02-26 02:23:00',''),
	(14,0,'SALIM WIBOWO HANG','','totteringtawdry','totteringtawdry@','$2y$10$bB7BvSS/cs2/GEQ.4HYUj.YGpiHyans9sYUmiOetzUwUPfY0QViu2','','',1,'retailer','2015-02-26 02:23:00','2015-02-26 02:23:00',''),
	(15,0,'YEO HUI PENG VALERIE','','forwardfusty','forwardfusty@','$2y$10$bB7BvSS/cs2/GEQ.4HYUj.YGpiHyans9sYUmiOetzUwUPfY0QViu2','','',1,'retailer','2015-02-26 02:23:00','2015-02-26 02:23:00',''),
	(16,0,'YEO XINYONG, JONATHAN','','unsightlycluster','unsightlycluster@','$2y$10$bB7BvSS/cs2/GEQ.4HYUj.YGpiHyans9sYUmiOetzUwUPfY0QViu2','','',1,'retailer','2015-02-26 02:23:00','2015-02-26 02:23:00',''),
	(17,0,'ANG CHUNG LAM','','wagtailcranky','wagtailcranky@','$2y$10$bB7BvSS/cs2/GEQ.4HYUj.YGpiHyans9sYUmiOetzUwUPfY0QViu2','','',1,'retailer','2015-02-26 02:23:00','2015-02-26 02:23:00',''),
	(18,0,'ANG SHIN YEE','','shutaccidental','shutaccidental@','$2y$10$bB7BvSS/cs2/GEQ.4HYUj.YGpiHyans9sYUmiOetzUwUPfY0QViu2','','',1,'retailer','2015-02-26 02:23:00','2015-02-26 02:23:00',''),
	(19,0,'ASSMI BIN HASHIM','','advisorfrazzled','advisorfrazzled@','$2y$10$bB7BvSS/cs2/GEQ.4HYUj.YGpiHyans9sYUmiOetzUwUPfY0QViu2','','',1,'retailer','2015-02-26 02:23:00','2015-02-26 02:23:00',''),
	(20,0,'CHEN WEIQING','','iceskatesdisfigured','iceskatesdisfigured@','$2y$10$bB7BvSS/cs2/GEQ.4HYUj.YGpiHyans9sYUmiOetzUwUPfY0QViu2','','',1,'retailer','2015-02-26 02:23:00','2015-02-26 02:23:00',''),
	(21,0,'CHIA MING EN','','aroundugly','aroundugly@','$2y$10$bB7BvSS/cs2/GEQ.4HYUj.YGpiHyans9sYUmiOetzUwUPfY0QViu2','','',1,'retailer','2015-02-26 02:23:00','2015-02-26 02:23:00',''),
	(22,0,'CHOW YEW WAH','','implyroguish','implyroguish@','$2y$10$bB7BvSS/cs2/GEQ.4HYUj.YGpiHyans9sYUmiOetzUwUPfY0QViu2','','',1,'retailer','2015-02-26 02:23:00','2015-02-26 02:23:00',''),
	(23,0,'CHUNG QIWEN','','competentfields','competentfields@','$2y$10$bB7BvSS/cs2/GEQ.4HYUj.YGpiHyans9sYUmiOetzUwUPfY0QViu2','','',1,'user','2015-02-26 02:23:00','2015-02-26 02:23:00',''),
	(24,0,'CLEMENT OW ZHISEN','','doodlebunch','doodlebunch@','$2y$10$bB7BvSS/cs2/GEQ.4HYUj.YGpiHyans9sYUmiOetzUwUPfY0QViu2','','',1,'user','2015-02-26 02:23:00','2015-02-26 02:23:00',''),
	(25,0,'CLEMENT TAN WEE SENG','','stablesweet','stablesweet@','$2y$10$bB7BvSS/cs2/GEQ.4HYUj.YGpiHyans9sYUmiOetzUwUPfY0QViu2','','',1,'user','2015-02-26 02:23:00','2015-02-26 02:23:00',''),
	(26,0,'DU YIJUN','','queansea','queansea@','$2y$10$bB7BvSS/cs2/GEQ.4HYUj.YGpiHyans9sYUmiOetzUwUPfY0QViu2','','',1,'user','2015-02-26 02:23:00','2015-02-26 02:23:00',''),
	(27,0,'GN CHER TECK','','distressedpencil','distressedpencil@','$2y$10$bB7BvSS/cs2/GEQ.4HYUj.YGpiHyans9sYUmiOetzUwUPfY0QViu2','','',1,'user','2015-02-26 02:23:00','2015-02-26 02:23:00',''),
	(28,0,'HE ZHENHAO, KELVIN','','crayoncolobus','crayoncolobus@','$2y$10$bB7BvSS/cs2/GEQ.4HYUj.YGpiHyans9sYUmiOetzUwUPfY0QViu2','','',1,'user','2015-02-26 02:23:00','2015-02-26 02:23:00',''),
	(29,0,'KAY KIM ANN','','filletredwing','filletredwing@','$2y$10$bB7BvSS/cs2/GEQ.4HYUj.YGpiHyans9sYUmiOetzUwUPfY0QViu2','','',1,'user','2015-02-26 02:23:00','2015-02-26 02:23:00',''),
	(30,0,'KWOK WEI HONG LESTER','','forefingerski','forefingerski@','$2y$10$bB7BvSS/cs2/GEQ.4HYUj.YGpiHyans9sYUmiOetzUwUPfY0QViu2','','',1,'user','2015-02-26 02:23:00','2015-02-26 02:23:00',''),
	(31,0,'LEE JUN YAO, JEREMY','','troublepincers','troublepincers@','$2y$10$bB7BvSS/cs2/GEQ.4HYUj.YGpiHyans9sYUmiOetzUwUPfY0QViu2','','',1,'user','2015-02-26 02:23:00','2015-02-26 02:23:00',''),
	(32,0,'LI YONGER','','dupeexotic','dupeexotic@','$2y$10$bB7BvSS/cs2/GEQ.4HYUj.YGpiHyans9sYUmiOetzUwUPfY0QViu2','','',1,'user','2015-02-26 02:23:00','2015-02-26 02:23:00',''),
	(33,0,'LIM JUN SHENG','','cyclemarks','cyclemarks@','$2y$10$bB7BvSS/cs2/GEQ.4HYUj.YGpiHyans9sYUmiOetzUwUPfY0QViu2','','',1,'user','2015-02-26 02:23:00','2015-02-26 02:23:00',''),
	(34,0,'MUHAMMAD SYAFIQ BIN MA\'AROF','','kidneyedcaustic','kidneyedcaustic@','$2y$10$bB7BvSS/cs2/GEQ.4HYUj.YGpiHyans9sYUmiOetzUwUPfY0QViu2','','',1,'user','2015-02-26 02:23:00','2015-02-26 02:23:00',''),
	(35,0,'NG AI TING, ANDREA','','stuffedtwenty','stuffedtwenty@','$2y$10$bB7BvSS/cs2/GEQ.4HYUj.YGpiHyans9sYUmiOetzUwUPfY0QViu2','','',1,'user','2015-02-26 02:23:00','2015-02-26 02:23:00',''),
	(36,0,'NG ZHENG YANG CLEMENT','','gullimpressive','gullimpressive@','$2y$10$bB7BvSS/cs2/GEQ.4HYUj.YGpiHyans9sYUmiOetzUwUPfY0QViu2','','',1,'user','2015-02-26 02:23:00','2015-02-26 02:23:00',''),
	(37,0,'ONG XIAN HUI','','chipobtainable','chipobtainable@','$2y$10$bB7BvSS/cs2/GEQ.4HYUj.YGpiHyans9sYUmiOetzUwUPfY0QViu2','','',1,'user','2015-02-26 02:23:00','2015-02-26 02:23:00',''),
	(38,0,'SITI NAQIYAH BINTE REDZWAN','','operatesailing','operatesailing@','$2y$10$bB7BvSS/cs2/GEQ.4HYUj.YGpiHyans9sYUmiOetzUwUPfY0QViu2','','',1,'user','2015-02-26 02:23:00','2015-02-26 02:23:00',''),
	(39,0,'SOSALE BHARGAV','','woefulface','woefulface@','$2y$10$bB7BvSS/cs2/GEQ.4HYUj.YGpiHyans9sYUmiOetzUwUPfY0QViu2','','',1,'user','2015-02-26 02:23:00','2015-02-26 02:23:00',''),
	(40,0,'SUSANTI','','cocklelights','cocklelights@','$2y$10$bB7BvSS/cs2/GEQ.4HYUj.YGpiHyans9sYUmiOetzUwUPfY0QViu2','','',1,'user','2015-02-26 02:23:00','2015-02-26 02:23:00',''),
	(41,0,'TAN JUN YING GLADYS','','moondive','moondive@','$2y$10$bB7BvSS/cs2/GEQ.4HYUj.YGpiHyans9sYUmiOetzUwUPfY0QViu2','','',1,'user','2015-02-26 02:23:00','2015-02-26 02:23:00',''),
	(42,0,'TAY YU TONG','','dishesquilt','dishesquilt@','$2y$10$bB7BvSS/cs2/GEQ.4HYUj.YGpiHyans9sYUmiOetzUwUPfY0QViu2','','',1,'user','2015-02-26 02:23:00','2015-02-26 02:23:00',''),
	(43,0,'WAN LIUYANG','','codlolly','codlolly@','$2y$10$bB7BvSS/cs2/GEQ.4HYUj.YGpiHyans9sYUmiOetzUwUPfY0QViu2','','',1,'user','2015-02-26 02:23:00','2015-02-26 02:23:00',''),
	(44,0,'WONG SHIN YU ISABEL','','summitsimplistic','summitsimplistic@','$2y$10$bB7BvSS/cs2/GEQ.4HYUj.YGpiHyans9sYUmiOetzUwUPfY0QViu2','','',1,'user','2015-02-26 02:23:00','2015-02-26 02:23:00',''),
	(45,0,'YANG LIU','','tickreservoir','tickreservoir@','$2y$10$bB7BvSS/cs2/GEQ.4HYUj.YGpiHyans9sYUmiOetzUwUPfY0QViu2','','',1,'user','2015-02-26 02:23:00','2015-02-26 02:23:00',''),
	(46,0,'YAP YEN WUN','','sizzlingpish','sizzlingpish@','$2y$10$bB7BvSS/cs2/GEQ.4HYUj.YGpiHyans9sYUmiOetzUwUPfY0QViu2','','',1,'user','2015-02-26 02:23:00','2015-02-26 02:23:00',''),
	(47,0,'ALFRED SETIADI','','privilegefloss','privilegefloss@','$2y$10$bB7BvSS/cs2/GEQ.4HYUj.YGpiHyans9sYUmiOetzUwUPfY0QViu2','','',1,'user','2015-02-26 02:23:00','2015-02-26 02:23:00',''),
	(48,0,'ANG JING JIE','','skingive','skingive@','$2y$10$bB7BvSS/cs2/GEQ.4HYUj.YGpiHyans9sYUmiOetzUwUPfY0QViu2','','',1,'user','2015-02-26 02:23:00','2015-02-26 02:23:00',''),
	(49,0,'ANG ZHENG JIE','','furtiveon','furtiveon@','$2y$10$bB7BvSS/cs2/GEQ.4HYUj.YGpiHyans9sYUmiOetzUwUPfY0QViu2','','',1,'user','2015-02-26 02:23:00','2015-02-26 02:23:00',''),
	(50,0,'BENATHON WEE YAN ZHI','','whimsicalriding','whimsicalriding@','$2y$10$bB7BvSS/cs2/GEQ.4HYUj.YGpiHyans9sYUmiOetzUwUPfY0QViu2','','',1,'user','2015-02-26 02:23:00','2015-02-26 02:23:00',''),
	(51,0,'BRAM PRAWIRA GANI','','filletstomatoe','filletstomatoe@','$2y$10$bB7BvSS/cs2/GEQ.4HYUj.YGpiHyans9sYUmiOetzUwUPfY0QViu2','','',1,'user','2015-02-26 02:23:00','2015-02-26 02:23:00',''),
	(52,0,'CHEOH XIN MEI','','hailtrent','hailtrent@','$2y$10$bB7BvSS/cs2/GEQ.4HYUj.YGpiHyans9sYUmiOetzUwUPfY0QViu2','','',1,'user','2015-02-26 02:23:00','2015-02-26 02:23:00',''),
	(53,0,'CHEW CHEE HAU','','surprisedirty','surprisedirty@','$2y$10$bB7BvSS/cs2/GEQ.4HYUj.YGpiHyans9sYUmiOetzUwUPfY0QViu2','','',1,'user','2015-02-26 02:23:00','2015-02-26 02:23:00',''),
	(54,0,'CHIN WEI JIE','','bufffrilly','bufffrilly@','$2y$10$bB7BvSS/cs2/GEQ.4HYUj.YGpiHyans9sYUmiOetzUwUPfY0QViu2','','',1,'user','2015-02-26 02:23:00','2015-02-26 02:23:00',''),
	(55,0,'CHRISTHIO GUNAWAN','','irritateduncommon','irritateduncommon@','$2y$10$bB7BvSS/cs2/GEQ.4HYUj.YGpiHyans9sYUmiOetzUwUPfY0QViu2','','',1,'user','2015-02-26 02:23:00','2015-02-26 02:23:00',''),
	(56,0,'CLARENCE SIAH JUN DA','','lowerpussy','lowerpussy@','$2y$10$bB7BvSS/cs2/GEQ.4HYUj.YGpiHyans9sYUmiOetzUwUPfY0QViu2','','',1,'user','2015-02-26 02:23:00','2015-02-26 02:23:00',''),
	(57,0,'DAPHNE TAN SHI HUI','','tickingwitches','tickingwitches@','$2y$10$bB7BvSS/cs2/GEQ.4HYUj.YGpiHyans9sYUmiOetzUwUPfY0QViu2','','',1,'user','2015-02-26 02:23:00','2015-02-26 02:23:00',''),
	(58,0,'DING HAOHANG','','stinkywildfowl','stinkywildfowl@','$2y$10$bB7BvSS/cs2/GEQ.4HYUj.YGpiHyans9sYUmiOetzUwUPfY0QViu2','','',1,'user','2015-02-26 02:23:00','2015-02-26 02:23:00',''),
	(59,0,'FABIAN LEE JIN WEI','','vietnameseroller','vietnameseroller@','$2y$10$bB7BvSS/cs2/GEQ.4HYUj.YGpiHyans9sYUmiOetzUwUPfY0QViu2','','',1,'user','2015-02-26 02:23:00','2015-02-26 02:23:00',''),
	(60,0,'FAN XIAOXUAN','','turbulentshyster','turbulentshyster@','$2y$10$bB7BvSS/cs2/GEQ.4HYUj.YGpiHyans9sYUmiOetzUwUPfY0QViu2','','',1,'user','2015-02-26 02:23:00','2015-02-26 02:23:00',''),
	(61,0,'FONG ZHI EN, KELVIN','','burpthree','burpthree@','$2y$10$bB7BvSS/cs2/GEQ.4HYUj.YGpiHyans9sYUmiOetzUwUPfY0QViu2','','',1,'user','2015-02-26 02:23:00','2015-02-26 02:23:00',''),
	(62,0,'FREDDY KUSNANDAR SANTOSO','','boyscoutsaged','boyscoutsaged@','$2y$10$bB7BvSS/cs2/GEQ.4HYUj.YGpiHyans9sYUmiOetzUwUPfY0QViu2','','',1,'user','2015-02-26 02:23:00','2015-02-26 02:23:00',''),
	(63,0,'FUJI NEO','','leashrug','leashrug@','$2y$10$bB7BvSS/cs2/GEQ.4HYUj.YGpiHyans9sYUmiOetzUwUPfY0QViu2','','',1,'user','2015-02-26 02:23:00','2015-02-26 02:23:00',''),
	(64,0,'GOH WEI LI JERAMIE','','lungdefiant','lungdefiant@','$2y$10$bB7BvSS/cs2/GEQ.4HYUj.YGpiHyans9sYUmiOetzUwUPfY0QViu2','','',1,'user','2015-02-26 02:23:00','2015-02-26 02:23:00',''),
	(65,0,'HO TING XUAN','','damagedquestion','damagedquestion@','$2y$10$bB7BvSS/cs2/GEQ.4HYUj.YGpiHyans9sYUmiOetzUwUPfY0QViu2','','',1,'user','2015-02-26 02:23:00','2015-02-26 02:23:00',''),
	(66,0,'HUANG BO','','grizzledduster','grizzledduster@','$2y$10$bB7BvSS/cs2/GEQ.4HYUj.YGpiHyans9sYUmiOetzUwUPfY0QViu2','','',1,'user','2015-02-26 02:23:00','2015-02-26 02:23:00',''),
	(67,0,'HUTCHINSON RACHEL','','healthyaspiring','healthyaspiring@','$2y$10$bB7BvSS/cs2/GEQ.4HYUj.YGpiHyans9sYUmiOetzUwUPfY0QViu2','','',1,'user','2015-02-26 02:23:00','2015-02-26 02:23:00',''),
	(68,0,'JACKY LIM CHEE KONG','','previousburnish','previousburnish@','$2y$10$bB7BvSS/cs2/GEQ.4HYUj.YGpiHyans9sYUmiOetzUwUPfY0QViu2','','',1,'user','2015-02-26 02:23:00','2015-02-26 02:23:00',''),
	(69,0,'JOEL GOH RUI JIA','','weaversunny','weaversunny@','$2y$10$bB7BvSS/cs2/GEQ.4HYUj.YGpiHyans9sYUmiOetzUwUPfY0QViu2','','',1,'user','2015-02-26 02:23:00','2015-02-26 02:23:00',''),
	(70,0,'KANODIA ADARSH','','pillsearnest','pillsearnest@','$2y$10$bB7BvSS/cs2/GEQ.4HYUj.YGpiHyans9sYUmiOetzUwUPfY0QViu2','','',1,'user','2015-02-26 02:23:00','2015-02-26 02:23:00',''),
	(71,0,'LAM CHUN YIN','','gobemouchecartilage','gobemouchecartilage@','$2y$10$bB7BvSS/cs2/GEQ.4HYUj.YGpiHyans9sYUmiOetzUwUPfY0QViu2','','',1,'user','2015-02-26 02:23:00','2015-02-26 02:23:00',''),
	(72,0,'LAM YAOMING','','fillmarten','fillmarten@','$2y$10$bB7BvSS/cs2/GEQ.4HYUj.YGpiHyans9sYUmiOetzUwUPfY0QViu2','','',1,'user','2015-02-26 02:23:00','2015-02-26 02:23:00',''),
	(73,0,'LE NHU THONG','','desertedhabitual','desertedhabitual@','$2y$10$bB7BvSS/cs2/GEQ.4HYUj.YGpiHyans9sYUmiOetzUwUPfY0QViu2','','',1,'user','2015-02-26 02:23:00','2015-02-26 02:23:00',''),
	(74,0,'LEE CHAN KHONG','','sprypointed','sprypointed@','$2y$10$bB7BvSS/cs2/GEQ.4HYUj.YGpiHyans9sYUmiOetzUwUPfY0QViu2','','',1,'user','2015-02-26 02:23:00','2015-02-26 02:23:00',''),
	(75,0,'LEE KONG ZHOU','','plantscold','plantscold@','$2y$10$bB7BvSS/cs2/GEQ.4HYUj.YGpiHyans9sYUmiOetzUwUPfY0QViu2','','',1,'user','2015-02-26 02:23:00','2015-02-26 02:23:00',''),
	(76,0,'LI CHEN','','spiritedwilted','spiritedwilted@','$2y$10$bB7BvSS/cs2/GEQ.4HYUj.YGpiHyans9sYUmiOetzUwUPfY0QViu2','','',1,'user','2015-02-26 02:23:00','2015-02-26 02:23:00',''),
	(77,0,'LIM BOON CHIEH (LIN WENJIE)','','attendkit','attendkit@','$2y$10$bB7BvSS/cs2/GEQ.4HYUj.YGpiHyans9sYUmiOetzUwUPfY0QViu2','','',1,'user','2015-02-26 02:23:00','2015-02-26 02:23:00',''),
	(78,0,'LIM WEI FOONG','','coatioffended','coatioffended@','$2y$10$bB7BvSS/cs2/GEQ.4HYUj.YGpiHyans9sYUmiOetzUwUPfY0QViu2','','',1,'user','2015-02-26 02:23:00','2015-02-26 02:23:00',''),
	(79,0,'LIM YEW TECK NICHOLAS','','onionserene','onionserene@','$2y$10$bB7BvSS/cs2/GEQ.4HYUj.YGpiHyans9sYUmiOetzUwUPfY0QViu2','','',1,'user','2015-02-26 02:23:00','2015-02-26 02:23:00',''),
	(80,0,'LIN YIQUN CLEMENT','','spencerspotatoes','spencerspotatoes@','$2y$10$bB7BvSS/cs2/GEQ.4HYUj.YGpiHyans9sYUmiOetzUwUPfY0QViu2','','',1,'user','2015-02-26 02:23:00','2015-02-26 02:23:00',''),
	(81,0,'LIU FAN','','possessiveunequal','possessiveunequal@','$2y$10$bB7BvSS/cs2/GEQ.4HYUj.YGpiHyans9sYUmiOetzUwUPfY0QViu2','','',1,'user','2015-02-26 02:23:00','2015-02-26 02:23:00',''),
	(82,0,'LIU XIAO','','squelchhat','squelchhat@','$2y$10$bB7BvSS/cs2/GEQ.4HYUj.YGpiHyans9sYUmiOetzUwUPfY0QViu2','','',1,'user','2015-02-26 02:23:00','2015-02-26 02:23:00',''),
	(83,0,'LOK XIN QUAN','','oldribbit','oldribbit@','$2y$10$bB7BvSS/cs2/GEQ.4HYUj.YGpiHyans9sYUmiOetzUwUPfY0QViu2','','',1,'user','2015-02-26 02:23:00','2015-02-26 02:23:00',''),
	(84,0,'LOW YI SHENG','','corpusclelift','corpusclelift@','$2y$10$bB7BvSS/cs2/GEQ.4HYUj.YGpiHyans9sYUmiOetzUwUPfY0QViu2','','',1,'user','2015-02-26 02:23:00','2015-02-26 02:23:00',''),
	(85,0,'LU MENGJIAO','','junkfilibuster','junkfilibuster@','$2y$10$bB7BvSS/cs2/GEQ.4HYUj.YGpiHyans9sYUmiOetzUwUPfY0QViu2','','',1,'user','2015-02-26 02:23:00','2015-02-26 02:23:00',''),
	(86,0,'MEDIANA','','shandylovable','shandylovable@','$2y$10$bB7BvSS/cs2/GEQ.4HYUj.YGpiHyans9sYUmiOetzUwUPfY0QViu2','','',1,'user','2015-02-26 02:23:00','2015-02-26 02:23:00',''),
	(87,0,'MIN MIAOLIN','','forsakenfloating','forsakenfloating@','$2y$10$bB7BvSS/cs2/GEQ.4HYUj.YGpiHyans9sYUmiOetzUwUPfY0QViu2','','',1,'user','2015-02-26 02:23:00','2015-02-26 02:23:00',''),
	(88,0,'MUHAMMAD NADZIR BIN AZMI','','screechsatisfying','screechsatisfying@','$2y$10$bB7BvSS/cs2/GEQ.4HYUj.YGpiHyans9sYUmiOetzUwUPfY0QViu2','','',1,'user','2015-02-26 02:23:00','2015-02-26 02:23:00',''),
	(89,0,'NG JIA HAO GARY','','querulousbarber','querulousbarber@','$2y$10$bB7BvSS/cs2/GEQ.4HYUj.YGpiHyans9sYUmiOetzUwUPfY0QViu2','','',1,'user','2015-02-26 02:23:00','2015-02-26 02:23:00',''),
	(90,0,'NGUYEN QUOC DUY TAN','','swearstripey','swearstripey@','$2y$10$bB7BvSS/cs2/GEQ.4HYUj.YGpiHyans9sYUmiOetzUwUPfY0QViu2','','',1,'user','2015-02-26 02:23:00','2015-02-26 02:23:00',''),
	(91,0,'PETER JEZREEL','','deanshut','deanshut@','$2y$10$bB7BvSS/cs2/GEQ.4HYUj.YGpiHyans9sYUmiOetzUwUPfY0QViu2','','',1,'user','2015-02-26 02:23:00','2015-02-26 02:23:00',''),
	(92,0,'POH SHIE LIANG','','scruffyvessels','scruffyvessels@','$2y$10$bB7BvSS/cs2/GEQ.4HYUj.YGpiHyans9sYUmiOetzUwUPfY0QViu2','','',1,'user','2015-02-26 02:23:00','2015-02-26 02:23:00',''),
	(93,0,'QUEK TECK SOON TOMMY','','puncturerandom','puncturerandom@','$2y$10$bB7BvSS/cs2/GEQ.4HYUj.YGpiHyans9sYUmiOetzUwUPfY0QViu2','','',1,'user','2015-02-26 02:23:00','2015-02-26 02:23:00',''),
	(94,0,'RAYMOND','','chargeathletics','chargeathletics@','$2y$10$bB7BvSS/cs2/GEQ.4HYUj.YGpiHyans9sYUmiOetzUwUPfY0QViu2','','',1,'user','2015-02-26 02:23:00','2015-02-26 02:23:00',''),
	(95,0,'SEET YONG SONG KENNY','','snappingodd','snappingodd@','$2y$10$bB7BvSS/cs2/GEQ.4HYUj.YGpiHyans9sYUmiOetzUwUPfY0QViu2','','',1,'user','2015-02-26 02:23:00','2015-02-26 02:23:00',''),
	(96,0,'SMITH DAVID JOHN','','collarsatisfy','collarsatisfy@','$2y$10$bB7BvSS/cs2/GEQ.4HYUj.YGpiHyans9sYUmiOetzUwUPfY0QViu2','','',1,'user','2015-02-26 02:23:00','2015-02-26 02:23:00',''),
	(97,0,'SOON JIANYONG','','basmatiprotect','basmatiprotect@','$2y$10$bB7BvSS/cs2/GEQ.4HYUj.YGpiHyans9sYUmiOetzUwUPfY0QViu2','','',1,'user','2015-02-26 02:23:00','2015-02-26 02:23:00',''),
	(98,0,'SRIDHAR PRAKASH AMBARISH','','goosebassey','goosebassey@','$2y$10$bB7BvSS/cs2/GEQ.4HYUj.YGpiHyans9sYUmiOetzUwUPfY0QViu2','','',1,'user','2015-02-26 02:23:00','2015-02-26 02:23:00',''),
	(99,0,'TAM JIN HANG','','purseshowy','purseshowy@','$2y$10$bB7BvSS/cs2/GEQ.4HYUj.YGpiHyans9sYUmiOetzUwUPfY0QViu2','','',1,'user','2015-02-26 02:23:00','2015-02-26 02:23:00',''),
	(100,0,'','','dungho1','dungho@asnet.com.vn','$2y$10$bB7BvSS/cs2/GEQ.4HYUj.YGpiHyans9sYUmiOetzUwUPfY0QViu2','1770ef199a6e3158cf49b8b878953fbf',NULL,0,'retailer','2015-03-22 02:08:45','2015-03-22 02:08:45',''),
	(101,0,'','','tuan2','tuan@adsmod.com','$2y$10$OfA9hSrcDtgcgoz2cwGFaeUwyOvz/7ihgyBiD6SbGRKnVTR3GiLmS','44a492352e8fff50d6c25b0804ed0c7d','rZ9nTeVonNHcJW3Jzc8nNKVMkB1C544ARtG1hCde855oZNXvYjFZcgLuEkEw',1,'retailer','2015-03-23 05:50:13','2015-03-23 08:33:15',''),
	(102,0,'','','EricBui','Ericbui.ntu@gmail.com','$2y$10$hQ4J9lBKfsJvO2qO9Opj8e/bZ0FG/.Wo3V1yUPmHLuImp6cHFt7uu','1aa9af2fa9ed25138a0d298ea5a3d24b',NULL,1,'user','2015-03-23 06:44:02','2015-03-25 09:53:51',''),
	(103,0,'','','tuan3','tuan@enablestartup.com','$2y$10$63Oc8h4W7jwQGRsWsCuy/Oko/iyz8tV2m7G8tRob904J9hNSlfZTu','b9000b07946fb0b51aff75baebd42bf1',NULL,1,'retailer','2015-03-23 08:34:42','2015-03-23 08:36:43',''),
	(104,0,'','','duc','nguyenducdn67@gmail.com','$2y$10$P2MS6vFzVZXbiwPvo8dpVOdO4k6zRuqqQ8JVms4QJZhRRHXGZ5zvO','6b93e89e69c4b76038b279cda0be0999',NULL,0,'user','2015-03-30 00:54:32','2015-03-30 00:54:32',''),
	(105,0,'','','EricKaKa','buituonghp@gmail.com','$2y$10$nIxo4hKMk2ePg1.ZRFsbvOKwTp2uDkoQuclYSKFa8QISnR1szJ12y','bda01a1f69a8e8dd4dde32c46146853a','NNfRJAHjfizFiUvg5EK3Aa3MWUcyOhvJVFnxPO4eQnlbMts0ltl4uuw6ldIp',1,'user','2015-04-17 08:00:45','2015-04-17 10:35:53','');

/*!40000 ALTER TABLE `users` ENABLE KEYS */;
UNLOCK TABLES;



/*!40111 SET SQL_NOTES=@OLD_SQL_NOTES */;
/*!40101 SET SQL_MODE=@OLD_SQL_MODE */;
/*!40014 SET FOREIGN_KEY_CHECKS=@OLD_FOREIGN_KEY_CHECKS */;
/*!40101 SET CHARACTER_SET_CLIENT=@OLD_CHARACTER_SET_CLIENT */;
/*!40101 SET CHARACTER_SET_RESULTS=@OLD_CHARACTER_SET_RESULTS */;
/*!40101 SET COLLATION_CONNECTION=@OLD_COLLATION_CONNECTION */;
